title,company,location,link
"Lead/Senior UI Engineer, Apple Media Products",Apple,"Cupertino, CA",https://stackoverflow.com/jobs/372269
Engineering Manager - eCommerce Platform,"Yum! Brands, Inc.","Chicago, IL",https://stackoverflow.com/jobs/391993
Lead Software Engineer - Join our growing team of 30+ developers,Tails.com,"Richmond, UK",https://stackoverflow.com/jobs/391983
Java Software Engineer,JP Morgan Chase,"Glasgow, UK",https://stackoverflow.com/jobs/391970
Webentwickler Frontend / Frontend-Entwickler,Digitale Offensive GmbH,"Bielefeld, Germany",https://stackoverflow.com/jobs/391915
"時給3,300円 C#/6月/ウェアラブル医療機器の開発",株式会社エーティーエス,"Tachikawa, Japan",https://stackoverflow.com/jobs/391914
データ分析エンジニア,パーソルキャリア株式会社,"Chiyoda City, Japan",https://stackoverflow.com/jobs/365843
SE,エムスリーキャリア株式会社,"Minato City, Japan",https://stackoverflow.com/jobs/391904
業務効率化を支援する『SPIDERPLUS』のPHPエンジニア / インターネット/Webサービス・ASP,株式会社 レゴリス,"Toshima City, Japan",https://stackoverflow.com/jobs/328580
サーバーサイドエンジニア,CROOZ SHOPLIST株式会社,"Shinagawa City, Japan",https://stackoverflow.com/jobs/383348
事業会社の開発エンジニア,転職エージェント　エンなび,"Shinjuku City, Japan",https://stackoverflow.com/jobs/391884
Webエンジニア| Webディレクター|AIなどの最先端技術,インター・Square,"Osaka, Japan",https://stackoverflow.com/jobs/391870
"UI/Frontend Software Engineer, Apple Pay Payments",Apple,"Cupertino, CA",https://stackoverflow.com/jobs/354907
SE,エムスリーキャリア株式会社,"Minato City, Japan",https://stackoverflow.com/jobs/391843
【バイト】フロントエンド経験者歓迎!バックエンドエンジニア(実務未経験OK),株式会社メイツ,"Shinjuku City, Japan",https://stackoverflow.com/jobs/391841
PHP Developer (w/*/m),queo GmbH,"Dresden, Deutschland",https://stackoverflow.com/jobs/391835
自社サービス Webエンジニア(熊本採用) / インターネット/Webサービス・ASP,しまうまプリントシステム 株式会社,"Kumamoto, Japan",https://stackoverflow.com/jobs/309939
Frontend Developer,Global Scale Solutions GmbH,"München, Germany",https://stackoverflow.com/jobs/287543
WEBエンジニア(仙台勤務) / ITコンサルティング,株式会社 メンバーズ メンバーズエッジカンパニー,"Chiyoda City, Japan",https://stackoverflow.com/jobs/383638
エンジニア,Spready株式会社,"Shibuya City, Japan",https://stackoverflow.com/jobs/376026
Pythonエンジニア / 出版・新聞・雑誌,株式会社 TORICO,"Chiyoda City, Japan",https://stackoverflow.com/jobs/309499
WEBアプリエンジニア / ソフトウェア/パッケージベンダ,株式会社 セルシス,"Shinjuku City, Japan",https://stackoverflow.com/jobs/310270
サーバーサイドエンジニア / インターネット/Webサービス・ASP,株式会社 Relic,"Oita, Japan",https://stackoverflow.com/jobs/310191
サーバーサイドエンジニア(クラウドサイン) / インターネット/Webサービス・ASP,弁護士ドットコム 株式会社,"Minato City, Japan",https://stackoverflow.com/jobs/310188
フロントエンドエンジニア,アイレット株式会社,"Minato City, Japan",https://stackoverflow.com/jobs/376125
Hackers wanted - Software Engineers (m/f/d) & Machine Learning Experts (m/f/d),freiheit.com technologies gmbh,"Lissabon, Portugal",https://stackoverflow.com/jobs/254089
開発×Go,株式会社キャリアデザインITパートナーズ,"Shibuya City, Japan",https://stackoverflow.com/jobs/391754
リードエンジニア(大阪勤務),シアトルコンサルティング株式会社,"Osaka, Japan",https://stackoverflow.com/jobs/316243
PHPエンジニア(仙台勤務) / インターネット/Webサービス・ASP,株式会社 シムネット,"Sendai, Japan",https://stackoverflow.com/jobs/308967
フロントエンドエンジニア,ユニオンテック株式会社,"Shinjuku City, Japan",https://stackoverflow.com/jobs/382974
Java開発エンジニアリード,パーソルキャリア株式会社,"Tokyo, Japan",https://stackoverflow.com/jobs/317068
マーケティングサービス開発,株式会社エーティーエス,"Shibuya City, Japan",https://stackoverflow.com/jobs/349697
【インターンシップ】WEB,弁護士ドットコム株式会社,"Minato City, Japan",https://stackoverflow.com/jobs/340704
フロントエンドエンジニア,インターリンク株式会社,"Chiyoda City, Japan",https://stackoverflow.com/jobs/362856
社内SE,株式会社10ANTZ,"Shibuya City, Japan",https://stackoverflow.com/jobs/362821
テクノロジー×飲食店|モバイルオーダーサービスのバックエンドエンジニア募集,株式会社Showcase Gig,"Minato City, Japan",https://stackoverflow.com/jobs/362801
SETエンジニア,株式会社Showcase Gig,"Minato City, Japan",https://stackoverflow.com/jobs/362790
Senior Front-End Engineer,Proofpoint,"Tel Aviv-Yafo, Israel",https://stackoverflow.com/jobs/391736
Full Stack Developer (Data Focus),"Sands Capital Management, LLC","Arlington, VA",https://stackoverflow.com/jobs/299774
Senior Web Developer,SR Compétences SA,"Lausanne, Switzerland",https://stackoverflow.com/jobs/391720
"Full stack web developer (remote, UK candidates only)",ClearLife Limited,No office location,https://stackoverflow.com/jobs/391704
Full Stack Developer,DataRemote Inc,"Palmetto Bay, FL",https://stackoverflow.com/jobs/373005
Solution Architect,Citizens Bank,"Providence, RI",https://stackoverflow.com/jobs/391699
Lead Full Stack Developer,ABOUT YOU GmbH,"Hamburg, Deutschland",https://stackoverflow.com/jobs/366480
Full Stack Developer,ABOUT YOU GmbH,"Hamburg, Deutschland",https://stackoverflow.com/jobs/355747
Frontend Developer,ABOUT YOU GmbH,"Hamburg, Deutschland",https://stackoverflow.com/jobs/304349
Hackers wanted - Software Engineers (m/f/d) & Machine Learning Experts (m/f/d),freiheit.com technologies gmbh,"Hamburg, Deutschland",https://stackoverflow.com/jobs/165266
Hackers wanted-Looking for a Senior Developer (m/f/d) with Team Lead Experience!,freiheit.com technologies gmbh,"Hamburg, Deutschland",https://stackoverflow.com/jobs/91520
Hackers wanted-Looking for a Senior Developer (m/f/d) with Team Lead Experience!,freiheit.com technologies gmbh,"Lissabon, Portugal",https://stackoverflow.com/jobs/197741
Développeur Full-Stack H/F – CDI – Paris,SkillValue,"Paris, France",https://stackoverflow.com/jobs/391687
Senior Software Engineer,Beast Code,"Fort Walton Beach, FL",https://stackoverflow.com/jobs/167412
Senior Web Developer,Beast Code,"Fort Walton Beach, FL",https://stackoverflow.com/jobs/219673
Senior Python 3.x Developer,Kaspersky,"Moscow, Russia",https://stackoverflow.com/jobs/362593
Junior Frontend (Javascript / React.js)  Engineer (m/f/d),GPORTAL,"München, Deutschland",https://stackoverflow.com/jobs/391665
Front End Gosu,reppa.net GmbH,"München, Deutschland",https://stackoverflow.com/jobs/365543
"Software Engineer, Full Stack (Business Intelligence Product)",Centre for Strategic Infocomm Technologies (CSIT),Singapore,https://stackoverflow.com/jobs/391640
Software Engineer (Cybersecurity Operations Systems),Centre for Strategic Infocomm Technologies (CSIT),Singapore,https://stackoverflow.com/jobs/391609
Senior Software Engineer (Command and Control Systems),Centre for Strategic Infocomm Technologies (CSIT),Singapore,https://stackoverflow.com/jobs/391605
Frontend Developer (Information Processing & Analytics),Centre for Strategic Infocomm Technologies (CSIT),Singapore,https://stackoverflow.com/jobs/391305
フロントエンドエンジニア,アクロクエストテクノロジー株式会社,"Yokohama, Japan",https://stackoverflow.com/jobs/337894
"マーケティングプラットホーム開発/PL,PMエンジニア/年収800万円可/賞与4回/六本木駅近",株式会社EVERRISE,"Minato City, Japan",https://stackoverflow.com/jobs/318472
Webアプリケーションエンジニア(検索広告事業),Supershipグループ,"Minato City, Japan",https://stackoverflow.com/jobs/382648
"時給3,200円 週3日~相談可 サーバーサイドエンジニア",株式会社エーティーエス,"Chuo City, Japan",https://stackoverflow.com/jobs/382637
ITエンジニア,株式会社with,"Shibuya City, Japan",https://stackoverflow.com/jobs/382636
飲食店の未来をテクノロジーで創造|モバイルオーダーサービス開発のテックリード募集,株式会社Showcase Gig,"Minato City, Japan",https://stackoverflow.com/jobs/382630
Laravelを使ったサーバーレス開発を推進するバックエンドエンジニア,カレント自動車株式会社,"Shibuya City, Japan",https://stackoverflow.com/jobs/382628
【広告プロダクト開発エンジニア】DMM.com/<アニメ・ゲーム好き歓迎×業界未経験可>,株式会社ヴィジョナリー,"Minato City, Japan",https://stackoverflow.com/jobs/391647
【Webエンジニア(PHP又はJavaScript)】グリー株式会社<六本木ヒルズ勤務×服装自由>,株式会社ヴィジョナリー,"Minato City, Japan",https://stackoverflow.com/jobs/391639
【フルスタックエンジニア(大規模Webサービス)】株式会社ビットエー<五反田駅徒歩5分×残業少>,株式会社ヴィジョナリー,"Shinagawa City, Japan",https://stackoverflow.com/jobs/391613
レバテック開発/サーバーサイドエンジニア,レバレジーズ株式会社,"Shibuya City, Japan",https://stackoverflow.com/jobs/391612
Full Stack Engineer,Nirveda Cognition,"Glendale, CA",https://stackoverflow.com/jobs/362202
Senior Frontend Developer,Jumbo Supermarkets,"Veghel, Netherlands",https://stackoverflow.com/jobs/306562
"Dev web fullstack C# (Asp.net, Typescript), pour sauver des vies !",Deeplink Medical,"Lyon, France",https://stackoverflow.com/jobs/362130
Senior Frontend Softwareentwickler Automotive (m/w/d),msg DAVID GmbH,"Braunschweig, Deutschland",https://stackoverflow.com/jobs/337459
Full Stack Gosu (Team Lead),reppa.net GmbH,"München, Deutschland",https://stackoverflow.com/jobs/141970
Full Stack Web Developer (m/w/d),EyeC GmbH,"Hamburg, Deutschland",https://stackoverflow.com/jobs/322237
フルリモートエンジニア,株式会社プライムスタイル,"Bunkyo City, Japan",https://stackoverflow.com/jobs/340348
Webエンジニア,株式会社メンバーズ メンバーズエッジカンパニー,"Yokohama, Japan",https://stackoverflow.com/jobs/382316
"サーバーサイドエンジニア[東京](Software Engineer, Backend)",株式会社Holmes,"Chiyoda City, Japan",https://stackoverflow.com/jobs/319847
Sr. Full Stack Developer,Alten Calsoft Labs,"Bengaluru, India",https://stackoverflow.com/jobs/372675
エンジニアリングマネージャ[東京](Engineering Manager),株式会社Holmes,"Chiyoda City, Japan",https://stackoverflow.com/jobs/391597
製品開発・研究,ゼロバンク・デザインファクトリー株式会社,"Osaka, Japan",https://stackoverflow.com/jobs/391594
プロジェクトマネージャー,株式会社クリティックミッションジャパン,"Yokohama, Japan",https://stackoverflow.com/jobs/391580
シニアフロントエンドエンジニア,GMOペパボ株式会社,"Shibuya City, Japan",https://stackoverflow.com/jobs/316205
エンジニア/中途 フロント基盤の全面刷新を行うJavaScriptエンジニア,オイシックス・ラ・大地株式会社,"Shinagawa City, Japan",https://stackoverflow.com/jobs/349175
エンジニアリングマネージャー,株式会社アペルザ,"Yokohama, Japan",https://stackoverflow.com/jobs/349171
Frontend Developer,Digital Media Solutions,"Miami, FL",https://stackoverflow.com/jobs/365634
Frontend Developer,Digital Media Solutions,"San Diego, CA",https://stackoverflow.com/jobs/365635
Frontend Web Developer,EyeC GmbH,"Hamburg, Deutschland",https://stackoverflow.com/jobs/242084
.Net Full Stack developer,EyeC GmbH,"Hamburg, Deutschland",https://stackoverflow.com/jobs/236849
Senior Python Software Engineer - Join our growing team of 30+ developers,Tails.com,"Richmond, UK",https://stackoverflow.com/jobs/254448
テックリード,株式会社アペルザ,"Yokohama, Japan",https://stackoverflow.com/jobs/348737
SE(ビジネスアプリケーション系),パーソル パナソニック HRパートナーズ株式会社 テクニカル事業本部,"Osaka, Japan",https://stackoverflow.com/jobs/382133
即日スタート/10時始業/交通費 システム・ECサイト開発,株式会社エーティーエス,"Osaka, Japan",https://stackoverflow.com/jobs/382114
Senior Front End Engineer,Packet Fabric,No office location,https://stackoverflow.com/jobs/382027
Senior Fullstack Engineer - Back end Leaning,Packet Fabric,No office location,https://stackoverflow.com/jobs/382026
投資系ソフトウェアの開発エンジニア,株式会社Ghibli,"Warabi, Japan",https://stackoverflow.com/jobs/391533
Webエンジニア,株式会社イマジカデジタルスケープ,"Osaka, Japan",https://stackoverflow.com/jobs/315032
Web開発エンジニア / 経営/ビジネスコンサルティング・シンクタンク,株式会社 グローバルヘルスコンサルティング・ジャパン,"Shinjuku City, Japan",https://stackoverflow.com/jobs/309510
フロントエンドエンジニア / IoT・M2M・ロボット,株式会社 アプトポッド,"Shinjuku City, Japan",https://stackoverflow.com/jobs/310164
"(Senior) Software Engineer, Cloud Protection for Salesforce",F-Secure,"Helsingfors, Finland",https://stackoverflow.com/jobs/381664
【大阪】Webアプリケーションエンジニア(SE・PG) / ソフトウェア/パッケージベンダ,株式会社 GSI,"Chiyoda City, Japan",https://stackoverflow.com/jobs/309413
【インターンシップ】 技術職向け夏のシップ,ピクシブ株式会社,"Shibuya City, Japan",https://stackoverflow.com/jobs/391509
スマートフォンアプリエンジニア(ハイブリッド)(仙台勤務) / インターネット/Webサービス・ASP,株式会社 シムネット,"Sendai, Japan",https://stackoverflow.com/jobs/308968
"QA Automation Engineer (Python, Browserstack): Remote (Global)",Modus Create,No office location,https://stackoverflow.com/jobs/391485
Full stack Rails developer (n): Superhero poised to change the world,Simplero,"New York, NY",https://stackoverflow.com/jobs/391474
Hybrid Mobile App Developer (Ionic) : Remote (Global),Modus Create,No office location,https://stackoverflow.com/jobs/391439
"Front End Engineer, AWS IIoT, VW Partnership",Amazon Web Services,"Berlin, Germany",https://stackoverflow.com/jobs/390856
Frontend Web Developer (m/f/x),refurbed,"Wien, Österreich",https://stackoverflow.com/jobs/361674
"Developer Relations Engineer, Mobile/Web",Amazon Web Services,"Tokyo, Japan",https://stackoverflow.com/jobs/390118
Front-End Engineer,Amazon Web Services,"Vancouver, BC, Canada",https://stackoverflow.com/jobs/389899
Front - End Engineer,Amazon Web Services,"Arlington, VA",https://stackoverflow.com/jobs/381756
Ingénieur(e) Infra / DevOps / SRE (H/F),Deeplink Medical,"Lyon, France",https://stackoverflow.com/jobs/372316
Software Engineer for Next Gen. Distributed Web Apps,smapiot,"München, Germany",https://stackoverflow.com/jobs/272468
Senior Frontend Engineer (f/m/d),keylight GmbH,"Berlin, Germany",https://stackoverflow.com/jobs/127921
Full Stack Developer /Architect - McKinsey Digital,McKinsey & Company,"Berlin, Germany",https://stackoverflow.com/jobs/273732
PHP Developer,UniPartners IT-Services NV,"Vilvoorde, Belgium",https://stackoverflow.com/jobs/303824
.NET Developer,UniPartners IT-Services NV,"Vilvoorde, Belgium",https://stackoverflow.com/jobs/303810
Frontend Engineer (m/f/d),GEDANKENtanken GmbH,"Köln, Deutschland",https://stackoverflow.com/jobs/348313
Java / Full Stack Developer (all genders) Full-/Part-time,Accenture DACH,"Zürich, Switzerland",https://stackoverflow.com/jobs/391300
Front End Developer (all genders) Full-/Part-time,Accenture DACH,"Jena, Germany",https://stackoverflow.com/jobs/391299
Principal Software Engineer / Lead Software Engineer,IPRICE GROUP SDN BHD,"Kuala Lumpur, Malaysia",https://stackoverflow.com/jobs/374382
Webディレクション・デザイン・コーディング その他 クリエイティブ関連,パーソル パナソニック HRパートナーズ株式会社,"Minato City, Japan",https://stackoverflow.com/jobs/381611
サーバーサイド エンジニア (ブロックチェーン事業),株式会社テコテック,"Minato City, Japan",https://stackoverflow.com/jobs/381609
スマホアプリ 開発エンジニア,株式会社Rabo,"Meguro City, Japan",https://stackoverflow.com/jobs/381608
Experienced Software Engineer in Tokyo,HTM Corporation,"Minato, Japan",https://stackoverflow.com/jobs/204322
フロントエンドエンジニア,ビジネスサーチテクノロジ株式会社,"Shibuya City, Japan",https://stackoverflow.com/jobs/317393
システムエンジニア,株式会社エイケイアイ,"Fukuoka, Japan",https://stackoverflow.com/jobs/381564
SE,株式会社フロムスクラッチ,"Shinjuku City, Japan",https://stackoverflow.com/jobs/389612
SE,株式会社オクト,"Chiyoda City, Japan",https://stackoverflow.com/jobs/382985
オープンポジション,type転職エージェント,"Shinjuku City, Japan",https://stackoverflow.com/jobs/391240
Javaエンジニア/ソフトウェア/パッケージベンダ,バリュース 株式会社,"Oita, Japan",https://stackoverflow.com/jobs/389664
エンジニア,株式会社アグリメディア,"Shinjuku City, Japan",https://stackoverflow.com/jobs/310358
プライム案件100%企業の「ゼロ次請け」エンジニア / システムインテグレータ・ソフトハウス,株式会社 情報戦略テクノロジー　コア技術部門,"Shibuya City, Japan",https://stackoverflow.com/jobs/389572
Junior Software Engineer in Tokyo,HTM Corporation,"Minato, Japan",https://stackoverflow.com/jobs/204320
Webアプリケーションエンジニア,株式会社Misoca　松江オフィス,"Matsue, Japan",https://stackoverflow.com/jobs/378643
Backend- oder Full-Stack-Entwickler PHP  (w/m/d) in Dortmund,kolossal GmbH,"Dortmund, Deutschland",https://stackoverflow.com/jobs/372164
Experienced Frontend Developer with strong CSS skills (m/f),Typeqast,"Zagreb, Croatia",https://stackoverflow.com/jobs/335842
Experienced Vuejs UX/UI frontend developer,metoda GmbH,"München, Germany",https://stackoverflow.com/jobs/272969
フロントエンドエンジニア,HENNGE K.K.,"Tokyo, Japan",https://stackoverflow.com/jobs/381284
Front-End Software Engineer,HENNGE K.K.,"Tokyo, Japan",https://stackoverflow.com/jobs/381280
ITスペシャリスト (メンバー/リーダー候補),株式会社Works Human Intelligence,"Nagoya, Japan",https://stackoverflow.com/jobs/381211
セキュリティエンジニア (メンバー),株式会社Works Human Intelligence,"Minato City, Japan",https://stackoverflow.com/jobs/381210
SRE(Site Reliability Engineer)エンジニア (メンバー),株式会社Works Human Intelligence,"Minato City, Japan",https://stackoverflow.com/jobs/381207
【横浜・やる気、センス重視・未経験歓迎・もちろん私服】Webエンジニア,株式会社ベイストリーム,"Yokohama, Japan",https://stackoverflow.com/jobs/381188
社内ツール開発エンジニア (メンバー),株式会社Works Human Intelligence,"Minato City, Japan",https://stackoverflow.com/jobs/381183
リードエンジニア(データ分析),type転職エージェント,"Shinjuku City, Japan",https://stackoverflow.com/jobs/347817
"SE・PG(オープン系)/六本木 2,900円LAMP(PHP)での自社アバターサービス開発",パーソル パナソニック HRパートナーズ株式会社　テクニカル事業本部,"Minato City, Japan",https://stackoverflow.com/jobs/382619
【自社プロダクト/PHP】クラウド音声プラットフォームのフロントエンドエンジニア,株式会社アドミック,"Shinjuku City, Japan",https://stackoverflow.com/jobs/390847
新規事業開発 プロダクト開発エンジニア,株式会社アイレップ,"Oita, Japan",https://stackoverflow.com/jobs/331541
Sr. Software Engineer,VisuWell,"Chattanooga, TN",https://stackoverflow.com/jobs/274406
プロダクトUIデザイナ【WebデザイナーよりプロダクトUIデザインへキャリアアップされたい方必見です!】,株式会社アドミック,"Shibuya City, Japan",https://stackoverflow.com/jobs/390839
テックリード( フルスタックエンジニア) / インターネット/Webサービス・ASP,Mikatus 株式会社,"Chuo City, Japan",https://stackoverflow.com/jobs/390825
ソフトウェアエンジニア,エムスリー株式会社,"Minato City, Japan",https://stackoverflow.com/jobs/317850
【アプリケーション開発経験者優遇!】研究開発(R&D)エンジニア,株式会社アドミック,"Osaka, Japan",https://stackoverflow.com/jobs/390792
Webエンジニア / インターネット/Webサービス・ASP,Nishika 株式会社,"Chiyoda City, Japan",https://stackoverflow.com/jobs/310985
【フルスタックエンジニア】テクノロジーの力で大規模Webサービスをグロースハックしませんか?,株式会社アドミック,"Shinagawa City, Japan",https://stackoverflow.com/jobs/390788
IT・インターネット業界/福岡TechJIN採用/保守運用エンジニア/最先端SaaSプロダクトのシステム保守運用エンジニア,ランスタッド株式会社,"Fukuoka, Japan",https://stackoverflow.com/jobs/387996
Senior Software Engineer - Cloud,"Milyli, Inc.","Chicago, IL",https://stackoverflow.com/jobs/376878
Front End Engineer,Creative Commons,No office location,https://stackoverflow.com/jobs/390749
Kubernetes Developer / DevOps,Entando,No office location,https://stackoverflow.com/jobs/352991
Senior Java/Kubernetes Developer,Entando,No office location,https://stackoverflow.com/jobs/279771
DevOps Engineer (Active TS SCI with Polygraph),APEX Expert Solutions,"Reston, VA",https://stackoverflow.com/jobs/390714
Junior Frontend Developer (m/w/d),7P.konzepte GmbH,"Dortmund, Deutschland",https://stackoverflow.com/jobs/390709
Senior Node.js Developer (Remote),X-Team,No office location,https://stackoverflow.com/jobs/197763
データサイエンティスト,株式会社オクト,"Chiyoda City, Japan",https://stackoverflow.com/jobs/381622
Full Stack Software Engineer,Mimacom,"València, Spain",https://stackoverflow.com/jobs/390672
"Senior Front End Developer (TS, React) for Simulation Platform",zeuz GmbH,"London, UK",https://stackoverflow.com/jobs/390671
Flutter Working Student (m/f/d),BlueGo UG,"München, Deutschland",https://stackoverflow.com/jobs/371838
Développeur full stack - Livin,ENGIE Digital,"Paris, France",https://stackoverflow.com/jobs/390312
Développeur Front End - Studio Design,ENGIE Digital,"Paris, France",https://stackoverflow.com/jobs/390310
Front-End Developer,"Bluebeam, Inc.","Pasadena, CA",https://stackoverflow.com/jobs/361433
Senior PHP Developer (Full Stack | CakePHP | Laravel | Vue | jQuery),continued,No office location,https://stackoverflow.com/jobs/232336
Senior Software Engineer (Python/Django),Back Market,"Paris, France",https://stackoverflow.com/jobs/347057
Senior Back-end Engineer,"Autify, Inc.","Tokyo, Japan",https://stackoverflow.com/jobs/380861
JavaScript Software Developer – Full-Time Job in Bucharest,SkillValue,"Bucharest, Romania",https://stackoverflow.com/jobs/371748
Front End Developer (React Native),Plus65 Interactive Pte Ltd,"Kuala Selangor, Malaysia",https://stackoverflow.com/jobs/390266
Frontend Engineer gesucht – mit Homeoffice und Weiterbildungsbudget,Studitemps,"Köln, Germany",https://stackoverflow.com/jobs/126337
"Senior Software Engineer (Web, Engineering, 3D Graphics, 3D Modelling)",TWI Hellas,"Athens, Greece",https://stackoverflow.com/jobs/390264
iOSアプリエンジニア / インターネット/Webサービス・ASP,ウェルスタイル 株式会社,"Oita, Japan",https://stackoverflow.com/jobs/319234
Full Stack Software Engineer (Vue.js & Django) (m/f/d),Limehome GmbH,"München, Germany",https://stackoverflow.com/jobs/238532
Webアプリケーション開発フロントエンドエンジニア,株式会社Widsley,"Shibuya City, Japan",https://stackoverflow.com/jobs/390229
SE,株式会社BitStar,"Shibuya City, Japan",https://stackoverflow.com/jobs/340352
フロントエンドエンジニア,アイレット株式会社,"Minato City, Japan",https://stackoverflow.com/jobs/319783
出前館システム開発 サーバーサイドエンジニア,株式会社出前館,"Tokyo, Japan",https://stackoverflow.com/jobs/335212
出前館システム開発 フロントエンドエンジニア,株式会社出前館,"Tokyo, Japan",https://stackoverflow.com/jobs/335157
スマートフォンアプリエンジニア[iOS/Android](常駐),株式会社メンバーズ メンバーズキャリアカンパニー,"Shinagawa City, Japan",https://stackoverflow.com/jobs/359949
PHP Software Engineer,PriceSpider,No office location,https://stackoverflow.com/jobs/389884
Front End Web Developer,Xactware,"Lehi, UT",https://stackoverflow.com/jobs/293752
Full Stack Engineer (Java),Modus Create,No office location,https://stackoverflow.com/jobs/389845
Mid- / Senior PHP Web Developer,Energy Gruppe Schweiz,"Zürich, Switzerland",https://stackoverflow.com/jobs/371108
Senior iOS Engineer,Durstexpress GmbH,"Berlin, Germany",https://stackoverflow.com/jobs/364025
【自社開発 / SE】次代のPL候補、SE(システムエンジニア)募集,クムクム株式会社,"Minato City, Japan",https://stackoverflow.com/jobs/389799
サーバーサイドエンジニア / 会計システム開発 / コーポレート,LINE株式会社,"Shinjuku City, Japan",https://stackoverflow.com/jobs/310085
【東京勤務】エンジニア/インターネット/Webサービス・ASP,株式会社 ファームノート,"Minato City, Japan",https://stackoverflow.com/jobs/378881
エンジニア,マインドフリー株式会社,"Osaka, Japan",https://stackoverflow.com/jobs/334770
サーバサイドエンジニア(リードエンジニア),株式会社アドウェイズ,"Shinjuku City, Japan",https://stackoverflow.com/jobs/313276
Principal Database Engineer,Citizens Bank,"Providence, RI",https://stackoverflow.com/jobs/380140
Front-end Cloud Development Engineer,Siemens AG,"Katowice, Poland",https://stackoverflow.com/jobs/387591
Frontend Developer: AI marketing video platform,OpsTalent,"Wrocław, Poland",https://stackoverflow.com/jobs/350853
Web / Frontend Developer (m/w/d),Neofonie,"Berlin, Deutschland",https://stackoverflow.com/jobs/342281
Senior Go Backend Developer (m/f/x),refurbed,"Wien, Österreich",https://stackoverflow.com/jobs/287208
Frontend Developer to Halebop,Telia Company,"Solna, Sweden",https://stackoverflow.com/jobs/380059
フルスタックエンジニア / システムインテグレータ・ソフトハウス,名案企画 株式会社,"Chuo City, Japan",https://stackoverflow.com/jobs/321048
SE,弁護士ドットコム株式会社,"Minato City, Japan",https://stackoverflow.com/jobs/332475
バックエンドエンジニア《IT×ヘルスケア》私服勤務可,株式会社Fubic SI,"Shinjuku City, Japan",https://stackoverflow.com/jobs/389767
リードフロントエンジニア《IT×ヘルスケア》私服勤務可,株式会社Fubic SI,"Shinjuku City, Japan",https://stackoverflow.com/jobs/389761
フロントエンドエンジニア,株式会社オールアバウトライフマーケティング,"Oita, Japan",https://stackoverflow.com/jobs/389758
SE,株式会社パネイル,"Tokyo, Japan",https://stackoverflow.com/jobs/330964
製品開発・研究,ウィル・グロー株式会社,"Minato City, Japan",https://stackoverflow.com/jobs/389754
EOI - Software Engineer and/or Developer,carsales.com Ltd,"Cremorne, Australia",https://stackoverflow.com/jobs/380039
RPA上流エンジニア,type転職エージェント,"Toshima City, Japan",https://stackoverflow.com/jobs/334232
エンジニア,株式会社フォースリー,"Meguro City, Japan",https://stackoverflow.com/jobs/379796
エンジニア,フェンリル株式会社,"Shinagawa City, Japan",https://stackoverflow.com/jobs/379795
エンジニア,フェンリル株式会社,"Osaka, Japan",https://stackoverflow.com/jobs/379793
フルスタックエンジニア,WHILL株式会社,"Chiyoda City, Japan",https://stackoverflow.com/jobs/379790
Analytics Engineer: Javascript - Full Stack,InfoTrust LLC,No office location,https://stackoverflow.com/jobs/389738
"Sr Engineer, Software",T-Mobile,"Bellevue, WA",https://stackoverflow.com/jobs/386486
iOSアプリ開発エンジニア / インターネット/Webサービス・ASP,株式会社 Blue Star,"Shinagawa City, Japan",https://stackoverflow.com/jobs/319478
フロントエンジニア/広告・デザイン・イベント,株式会社 ソニックジャム,"Minato City, Japan",https://stackoverflow.com/jobs/358429
ITエンジニア,AsianStream株式会社,"Minato City, Japan",https://stackoverflow.com/jobs/389673
新規プロダクトの開発エンジニア,type転職エージェント,"Shinjuku City, Japan",https://stackoverflow.com/jobs/389672
フロントエンドエンジニア,TOWN株式会社,"Chuo City, Japan",https://stackoverflow.com/jobs/389671
Frontend Developer (m/w/d),Tchibo GmbH,"Hamburg, Deutschland",https://stackoverflow.com/jobs/333785
Webエンジニア / Webマーケティング・ネット広告,株式会社 ジオロジック,"Shibuya City, Japan",https://stackoverflow.com/jobs/317522
Webアプリケーションエンジニア/広告・デザイン・イベント,ログリー 株式会社,"Shibuya City, Japan",https://stackoverflow.com/jobs/389658
"Web Developer (Laravel, VueJS)",WESLINK GmbH,"Coesfeld, Deutschland",https://stackoverflow.com/jobs/371041
フルスタックエンジニア(0106KK) / インターネット/Webサービス・ASP,株式会社 div,"Shibuya City, Japan",https://stackoverflow.com/jobs/328294
Web開発エンジニア,虎の穴ラボ株式会社,"Chiyoda City, Japan",https://stackoverflow.com/jobs/339584
Webアプリケーション開発フルスタックエンジニア,株式会社Widsley,"Shibuya City, Japan",https://stackoverflow.com/jobs/389652
NEW!【マークアップエンジニア・フロントエンドエンジニア　札幌】 / インターネット/Webサービス・ASP,株式会社 Nadia,"Sapporo, Japan",https://stackoverflow.com/jobs/344622
シニア フルスタック デベロッパー/インターネット/Webサービス・ASP,有限会社 ファンキーコープ,"Minato City, Japan",https://stackoverflow.com/jobs/376363
SE,スタディプラス株式会社,"Chiyoda City, Japan",https://stackoverflow.com/jobs/333096
"Junior Webentwickler (m/w/d) JavaScript, React und/oder Vue.js",auteon GmbH,"München, Deutschland",https://stackoverflow.com/jobs/371029
大阪/アプリ/C3-SP/MD/インターネット/Webサービス・ASP,株式会社 ラクス,"Osaka, Japan",https://stackoverflow.com/jobs/375708
大阪/アプリ/AM/R労務/インターネット/Webサービス・ASP,株式会社 ラクス,"Osaka, Japan",https://stackoverflow.com/jobs/375958
【バイト】webデザイン経験者歓迎!フロントエンドエンジニア(実務未経験OK),株式会社メイツ,"Shinjuku City, Japan",https://stackoverflow.com/jobs/389603
【バイト】実務未経験OK!自社開発アプリを支えるサーバーサイドエンジニア,株式会社メイツ,"Shinjuku City, Japan",https://stackoverflow.com/jobs/389602
アジャイル/スクラム環境・バックエンドエンジニア(大阪) / システムインテグレータ・ソフトハウス,株式会社 シーアイ,"Osaka, Japan",https://stackoverflow.com/jobs/389588
【インターンシップ】WEB IT/ソフトウェア,株式会社CyberOwl,"Shibuya City, Japan",https://stackoverflow.com/jobs/389578
Webエンジニア(福井県鯖江市勤務)/ITコンサルティング,株式会社 メンバーズ メンバーズエッジカンパニー,"Minamishimabara, Japan",https://stackoverflow.com/jobs/383655
"Software Engineer, Frontend",株式会社メルカリ,"Minato City, Japan",https://stackoverflow.com/jobs/389571
Webアプリケーション開発責任者(PM/PL) / インターネット/Webサービス・ASP,株式会社 N2i,"Chiyoda City, Japan",https://stackoverflow.com/jobs/389562
WEBエンジニア(仙台勤務)/ITコンサルティング,株式会社 メンバーズ メンバーズエッジカンパニー,"Chiyoda City, Japan",https://stackoverflow.com/jobs/383654
開発責任者 (つくばオフィス),ナイル株式会社,"Tsukuba, Japan",https://stackoverflow.com/jobs/349530
(Java)各種販売サイト追加開発及び機能改善案件,レバテック株式会社,"Setagaya City, Japan",https://stackoverflow.com/jobs/379463
《正社員》フロントエンドエンジニア担当/本社正社員,ユースタイルラボラトリー株式会社　本社,"Nakano City, Japan",https://stackoverflow.com/jobs/379462
【リモートワーク歓迎】業務システム、WEBサイト開発など 上流工程から関われます (プログラミングできる方:WEB業務アプリ開発、WEBサイト制作),ユースタイルラボラトリー株式会社　本社,"Nakano City, Japan",https://stackoverflow.com/jobs/379458
ソフトウェア/インフラエンジニア,株式会社フロムスクラッチ,"Shinjuku City, Japan",https://stackoverflow.com/jobs/379426
【NEW】サーバーサイドエンジニア,株式会社エイシス,"Chiyoda City, Japan",https://stackoverflow.com/jobs/379391
コンテンツプラットフォームエンジニア,株式会社Gunosy,"Minato City, Japan",https://stackoverflow.com/jobs/375681
(RetailTechプロダクト),type転職エージェント,"Minato City, Japan",https://stackoverflow.com/jobs/379380
"Engineering Manager, Front End","Slickdeals, LLC","Las Vegas, NV",https://stackoverflow.com/jobs/371422
"Senior Frontend Developer (ReactJS, VueJS)",Azerion,"Schiphol-Rijk, Netherlands",https://stackoverflow.com/jobs/378943
Javascript Developer - Angular or Node.js,Arcanys,"Cebu City, Philippines",https://stackoverflow.com/jobs/243375
Web Gameフロントエンジニア,type転職エージェント,"Minato City, Japan",https://stackoverflow.com/jobs/318680
フロントエンドエンジニア(Web)、ネットワークエンジニア・サーバーエンジニア(Web),クリーク・アンド・リバー社,"Shibuya City, Japan",https://stackoverflow.com/jobs/310009
Webエンジニア(SaaS事業),アイスタイルグループ,"Minato City, Japan",https://stackoverflow.com/jobs/378911
サーバーサイドエンジニア / コーポレート,LINE株式会社,"Shinjuku City, Japan",https://stackoverflow.com/jobs/378910
ネットワークエンジニア・サーバーエンジニア(Web),クリーク・アンド・リバー社,"Shibuya City, Japan",https://stackoverflow.com/jobs/318653
インフラエンジニア,株式会社アルス・ノヴァ,"Chiyoda City, Japan",https://stackoverflow.com/jobs/336226
フロントエンド開発エンジニア,株式会社USEN Media,"Shinagawa City, Japan",https://stackoverflow.com/jobs/318655
スマートフォンアプリ開発業務,株式会社アルス・ノヴァ,"Chiyoda City, Japan",https://stackoverflow.com/jobs/334786
フロントエンドエンジニア,クーコム株式会社,"Shibuya City, Japan",https://stackoverflow.com/jobs/378908
フロントエンドエンジニア,株式会社ラクス,"Shibuya City, Japan",https://stackoverflow.com/jobs/378894
WEBシステム受託開発のセールスエンジニア,株式会社ユービー,"Yokohama, Japan",https://stackoverflow.com/jobs/378844
Webシステムのマイグレーション,パーソルテクノロジースタッフ株式会社,"横浜市, Japan",https://stackoverflow.com/jobs/378842
Webアプリケーションエンジニア/フロントエンド中心,株式会社N2i(エヌツーアイ),"Chiyoda City, Japan",https://stackoverflow.com/jobs/331127
Webエンジニア / インターネット/Webサービス・ASP,株式会社 アクシス,"Shibuya City, Japan",https://stackoverflow.com/jobs/319566
<ポテンシャル>エンジニア/Webマーケティング・ネット広告,株式会社 ARISE analytics,"Shibuya City, Japan",https://stackoverflow.com/jobs/389138
フロントエンドエンジニア/インターネット/Webサービス・ASP,株式会社 Rebase,"Oita, Japan",https://stackoverflow.com/jobs/389136
Webエンジニア / インターネット/Webサービス・ASP,株式会社 アトラエ,"Sanda, Japan",https://stackoverflow.com/jobs/317608
Webエンジニア,株式会社メンバーズ メンバーズエッジカンパニー,"Fukuoka, Japan",https://stackoverflow.com/jobs/358460
ソフトウェアエンジニア / フロントエンド / Private Cloud Platform,LINE株式会社,"Shinjuku City, Japan",https://stackoverflow.com/jobs/335097
Frontend Developer (m/w/d) in Halle (Saale),Relaxdays GmbH,"Halle (Saale), Deutschland",https://stackoverflow.com/jobs/201379
Senior Android Engineer,Durstexpress GmbH,"Berlin, Germany",https://stackoverflow.com/jobs/364021
サーバーサイドエンジニア(税理士ドットコム),弁護士ドットコム株式会社,"Minato City, Japan",https://stackoverflow.com/jobs/318477
Webエンジニア,株式会社USEN-NEXT HOLDINGS,"Shinagawa City, Japan",https://stackoverflow.com/jobs/376377
サーバサイドエンジニア,ソウルドアウト株式会社,"Chiyoda City, Japan",https://stackoverflow.com/jobs/378642
la belle vie フロントエンドエンジニア,la belle vie 株式会社,"Minato City, Japan",https://stackoverflow.com/jobs/333125
フロントエンドエンジニア　/* Typescript | Javascript */,CODIANZ合同会社,"Chiyoda City, Japan",https://stackoverflow.com/jobs/376164
Frontend Developer,Banjo,"South Jordan, UT",https://stackoverflow.com/jobs/345274
Senior Full Stack Python Engineer,RippleMatch,"New York, NY",https://stackoverflow.com/jobs/348517
Full Stack Engineer,RippleMatch,"New York, NY",https://stackoverflow.com/jobs/348520
Fullstack-Entwickler (w/m/d) am Standort Berlin,Hochfrequenz Unternehmensberatung GmbH,"Berlin, Germany",https://stackoverflow.com/jobs/358244
Développeur Front End Emploi – H/F – Poste CDI – Paris,SkillValue,"Paris, France",https://stackoverflow.com/jobs/378483
"가상자산(암호화폐) 거래소 고팍스(GOPAX) (신입, 경력) 프론트엔드 엔지니어 모집",Streami Inc.,"Seoul, South Korea",https://stackoverflow.com/jobs/332554
フロントエンドエンジニア,ibis group,"Osaka, Japan",https://stackoverflow.com/jobs/345782
ソフトウェアエンジニア,株式会社クリエアナブキ,"Chiyoda City, Japan",https://stackoverflow.com/jobs/345673
IT事業部スターティングメンバー(開発系職種),ワークタンク,"Meguro City, Japan",https://stackoverflow.com/jobs/345669
【自社プロダクト開発】サーバーサイドエンジニア(リーダー候補),株式会社アイリッジ,"Minato City, Japan",https://stackoverflow.com/jobs/358202
モバイルオーダーで新しいユーザー体験を創造|フロントエンドエンジニア募集,株式会社Showcase Gig,"Minato City, Japan",https://stackoverflow.com/jobs/358172
フロントエンドエンジニア【めるもの開発】,GMOアドパートナーズ株式会社,"Shibuya City, Japan",https://stackoverflow.com/jobs/317392
ウェブアプリケーションエンジニア,株式会社アペルザ,"Yokohama, Japan",https://stackoverflow.com/jobs/358148
フロントエンドエンジニア,株式会社LOB,"Minato City, Japan",https://stackoverflow.com/jobs/378280
WEB名刺発注システム開発要件定義 (印刷会社でのお仕事です直接雇用あり) PHP,株式会社スタッフサービス,"Osaka, Japan",https://stackoverflow.com/jobs/370480
Full Stack Developer I,Entando,No office location,https://stackoverflow.com/jobs/301565
開発エンジニア,株式会社Jストリーム,"福岡市, Japan",https://stackoverflow.com/jobs/312072
フロントエンドエンジニア / その他コンサルティング系,株式会社 ネクストベース,"Shinagawa City, Japan",https://stackoverflow.com/jobs/345683
【京都勤務】フロントエンドエンジニア / システムインテグレータ・ソフトハウス,株式会社 ゆめみ,"Kyoto, Japan",https://stackoverflow.com/jobs/388744
エンジニア/モバイル/アプリサービス,株式会社 アイスリーデザイン,"Shibuya City, Japan",https://stackoverflow.com/jobs/388743
エンジニアマネージャー/モバイル/アプリサービス,株式会社 未来ボックス,"Yokohama, Japan",https://stackoverflow.com/jobs/376403
Webアプリ等のシステム開発,パーソルテクノロジースタッフ株式会社,"Kyoto, Japan",https://stackoverflow.com/jobs/388738
PHPエンジニア / モバイル/アプリサービス,株式会社 未来ボックス,"Yokohama, Japan",https://stackoverflow.com/jobs/367829
UI/UXデザイナー,株式会社Widsley,"Shibuya City, Japan",https://stackoverflow.com/jobs/388734
Webエンジニア/インターネット/Webサービス・ASP,株式会社 クララオンライン,"Minato City, Japan",https://stackoverflow.com/jobs/388733
バックエンドエンジニア/自社プロダクト開発/PHP・Laravel経験者歓迎 / システムインテグレータ・ソフトハウス,株式会社 Fubic SI,"Shinjuku City, Japan",https://stackoverflow.com/jobs/388725
株式会社VOYAGE GROUP ブランド戦略室 アプリケーションエンジニア,株式会社VOYAGE GROUP,"Shibuya City, Japan",https://stackoverflow.com/jobs/388724
システムエンジニア/モバイル/アプリサービス,株式会社 未来ボックス,"Yokohama, Japan",https://stackoverflow.com/jobs/377390
技術の力で働くひとの健康を創りませんか!ヘルスケア　フロントエンジニア/インターネット/Webサービス・ASP,株式会社 iCARE,"Shibuya City, Japan",https://stackoverflow.com/jobs/356477
ソフトウェアエンジニア,株式会社クイック,"Minato City, Japan",https://stackoverflow.com/jobs/388702
エンジニアリングマネージャー,株式会社クイック,"Minato City, Japan",https://stackoverflow.com/jobs/388696
ECサイトのシステム構築/インターネット/Webサービス・ASP,株式会社 hm solution,"Kobe, Japan",https://stackoverflow.com/jobs/356743
エンジニア/システムインテグレータ・ソフトハウス,株式会社 GxP,"Shinjuku City, Japan",https://stackoverflow.com/jobs/380853
AI・画像処理・画像認識アルゴリズム開発エンジニア/インターネット/Webサービス・ASP,セーフィー 株式会社,"Shinagawa City, Japan",https://stackoverflow.com/jobs/388690
【東京】PG・SE 経験者歓迎/ソフトウェア/パッケージベンダ,株式会社 GSI,"Shinjuku City, Japan",https://stackoverflow.com/jobs/380216
ソフトウェアエンジニア/システムインテグレータ・ソフトハウス,株式会社 ゼロフィールド,"Minato City, Japan",https://stackoverflow.com/jobs/380227
システムエンジニア(ゲーム)/人材サービス(紹介/派遣/教育/研修),デマンドリンク 株式会社,"Chiyoda City, Japan",https://stackoverflow.com/jobs/376067
WEBエンジニア(東京勤務) / ITコンサルティング,株式会社 メンバーズ メンバーズエッジカンパニー,"Chuo City, Japan",https://stackoverflow.com/jobs/386592
自社サービスエンジニア/リモートSES/その他IT/Web・通信・インターネット系,Fabeee 株式会社,"Shibuya City, Japan",https://stackoverflow.com/jobs/369227
Pythonエンジニア/出版・新聞・雑誌,株式会社 TORICO,"Chiyoda City, Japan",https://stackoverflow.com/jobs/356470
SE,株式会社RevComm,"Shibuya City, Japan",https://stackoverflow.com/jobs/388686
ADN:フルスタックエンジニア/インターネット/Webサービス・ASP,株式会社 スリーシェイク,"Chiyoda City, Japan",https://stackoverflow.com/jobs/375942
(Go/PHP)公営競技サービスサーバーサイド開発案件,レバテック株式会社,"Minato City, Japan",https://stackoverflow.com/jobs/388685
【自社サービス開発】Webアプリケーションエンジニア/インターネット/Webサービス・ASP,株式会社 Misoca,"Matsue, Japan",https://stackoverflow.com/jobs/356352
Senior Front End Developer (Angular 6+),Acesso Digital,"Cidade Monções, Brazil",https://stackoverflow.com/jobs/370428
Senior Python Developer (Remote),X-Team,No office location,https://stackoverflow.com/jobs/203899
Senior Frontend Engineer (Vue.js),Mimacom,"Madrid, Spain",https://stackoverflow.com/jobs/388637
Senior Web Engineer,Bushel,"Fargo, ND",https://stackoverflow.com/jobs/371225
Senior Vue.js Dev to build beautiful entertainment applications,Eve.io,"München, Germany",https://stackoverflow.com/jobs/381682
【月給75万可のフロントエンド・コーダー】不動産系自社サービスのフロントエンド開発 恵比寿,株式会社GLITTERS,"Oita, Japan",https://stackoverflow.com/jobs/357616
フロントエンドエンジニア,株式会社スマートショッピング,"Shinagawa City, Japan",https://stackoverflow.com/jobs/370396
紹介予定派遣/天六駅チカ WEB名刺発注システムに関する一連業務 PHP,株式会社スタッフサービス　エンジニアガイド,"Osaka, Japan",https://stackoverflow.com/jobs/370378
《モバイルアプリエンジニア》/SaaSソリューション,株式会社RevComm,"Shibuya City, Japan",https://stackoverflow.com/jobs/370351
リードエンジニア,株式会社Rights,"Oita, Japan",https://stackoverflow.com/jobs/388475
Rubyエンジニア / システムインテグレータ・ソフトハウス,エス・エー・エス 株式会社,"Sanda, Japan",https://stackoverflow.com/jobs/364417
システムエンジニア,株式会社エム・エー・ディー,"Chuo City, Japan",https://stackoverflow.com/jobs/388431
SE,SORABITO株式会社,"Chuo City, Japan",https://stackoverflow.com/jobs/388430
フルスタックエンジニア,type転職エージェント,"Shibuya City, Japan",https://stackoverflow.com/jobs/388412
フロントエンドエンジニア,株式会社クリプラ,"Shinjuku City, Japan",https://stackoverflow.com/jobs/388411
Railsエンジニア,株式会社クリプラ,"Shinjuku City, Japan",https://stackoverflow.com/jobs/388410
最先端技術研究/企画/開発フルスタックエンジニア,株式会社Widsley,"Shibuya City, Japan",https://stackoverflow.com/jobs/388409
システムエンジニア,CCCフロンティアラボ株式会社,"Shibuya City, Japan",https://stackoverflow.com/jobs/388408
正社員2名募集 東証一部上場 次世代カードサービスの開発,株式会社エーティーエス,"Shinjuku City, Japan",https://stackoverflow.com/jobs/388405
PM,UUUM株式会社,"Minato City, Japan",https://stackoverflow.com/jobs/388381
SE,ウィル・グロー株式会社,"Shinagawa City, Japan",https://stackoverflow.com/jobs/388375
SE,ピーティーエス・コンサルティング・ジャパン株式会社,"Shinjuku City, Japan",https://stackoverflow.com/jobs/309022
Fullstack React.JS and Java Developer,AIR MILES,"Toronto, ON, Canada",https://stackoverflow.com/jobs/313679
Backend developer to build robust systems with Kotlin,Shape A/S,"København, Denmark",https://stackoverflow.com/jobs/370009
Software Engineer,Centre for Strategic Infocomm Technologies (CSIT),Singapore,https://stackoverflow.com/jobs/345130
Senior Frontend Web Developer (m/w/x),Flagbit GmbH & Co. KG,"Karlsruhe, Deutschland",https://stackoverflow.com/jobs/183457
Frontend developer React,VIKTOR,"Delft, Netherlands",https://stackoverflow.com/jobs/388222
プロジェクトマネージャー,株式会社ベガコーポレーション,"Fukuoka, Japan",https://stackoverflow.com/jobs/345102
PHP,附近网络科技,"Suzuka, Japan",https://stackoverflow.com/jobs/356746
フロントエンドエンジニア,株式会社RevComm,"Shibuya City, Japan",https://stackoverflow.com/jobs/369919
フルスタック開発エンジニア,株式会社アイルミッション,"Yokohama, Japan",https://stackoverflow.com/jobs/369915
プログラマ,パーソル パナソニック HRパートナーズ株式会社 テクニカル事業本部,"Osaka, Japan",https://stackoverflow.com/jobs/377940
モバイルアプリエンジニア,株式会社RevComm,"Shibuya City, Japan",https://stackoverflow.com/jobs/369884
飲食店×テクノロジー×仙台|0 1立ち上げバックエンドエンジニア募集,株式会社Showcase Gig,"Sendai, Japan",https://stackoverflow.com/jobs/356373
フロントエンドエンジニア/上場IT企業,株式会社クリエアナブキ,"Osaka, Japan",https://stackoverflow.com/jobs/369856
サーバーサイドエンジニア / インターネット/Webサービス・ASP,パロニム 株式会社,"Sanda, Japan",https://stackoverflow.com/jobs/344641
フロントエンドエンジニア / インターネット/Webサービス・ASP,パロニム 株式会社,"Sanda, Japan",https://stackoverflow.com/jobs/310192
webエンジニア / インターネット/Webサービス・ASP,パロニム 株式会社,"Sanda, Japan",https://stackoverflow.com/jobs/363828
R&Dエンジニア / インターネット/Webサービス・ASP,パロニム 株式会社,"Sanda, Japan",https://stackoverflow.com/jobs/388006
テック・リード / インターネット/Webサービス・ASP,Wovn Technologies 株式会社,"Sanda, Japan",https://stackoverflow.com/jobs/310246
webプログラマー(javascript、PHP等)【札幌勤務、残業少、ブランク有歓迎!】,株式会社コルサント,"Sapporo, Japan",https://stackoverflow.com/jobs/387991
QAエンジニア / インターネット/Webサービス・ASP,株式会社 コドモン,"Sanda, Japan",https://stackoverflow.com/jobs/318843
フロントエンドエンジニア,LINE株式会社,"Fukuoka, Japan",https://stackoverflow.com/jobs/369702
Senior Software Engineer (Frontend) - Reimagine the property industry,Zoopla,"London, UK",https://stackoverflow.com/jobs/387983
Fullstack JavaScript Engineer for an Marketplace SaaS Platform,HeyAMZ UG (haftungsbeschränkt),"Mannheim, Deutschland",https://stackoverflow.com/jobs/387932
リハビリ支援ロボットに関するWebシステム開発,株式会社パソナテック,"Osaka, Japan",https://stackoverflow.com/jobs/310701
フロントエンド エンジニア,株式会社スマレジ,"Osaka, Japan",https://stackoverflow.com/jobs/310576
サーバーサイドエンジニア(自社カジュアルギフトサービス「giftee」チーム),type転職エージェント,"Shinagawa City, Japan",https://stackoverflow.com/jobs/310243
WEBアプリエンジニア,株式会社セルシス,"Shinjuku City, Japan",https://stackoverflow.com/jobs/310242
GU Webデベロッパー / Web Developer,株式会社ユニクロ,"Koto City, Japan",https://stackoverflow.com/jobs/310241
Senior Software Engineer (React/Java),Pinnacle 21,"Blue Bell, PA",https://stackoverflow.com/jobs/262299
Webエンジニア新規事業開発チーム,type転職エージェント,"Shinagawa City, Japan",https://stackoverflow.com/jobs/310236
自社メディア開発/サーバーサイドエンジニアリーダー(リーダー候補),レバレジーズ株式会社,"Shibuya City, Japan",https://stackoverflow.com/jobs/310223
メディアシステム開発/テックリード,レバレジーズ株式会社,"Shibuya City, Japan",https://stackoverflow.com/jobs/310219
バックエンドエンジニア,株式会社MONOKROM,"Shibuya City, Japan",https://stackoverflow.com/jobs/310218
フロントエンドエンジニア(リーダー候補),レバレジーズ株式会社,"Shibuya City, Japan",https://stackoverflow.com/jobs/310210
メディアシステム開発/エンジニア,レバレジーズ株式会社,"Shibuya City, Japan",https://stackoverflow.com/jobs/310201
サーバーサイドエンジニア(クラウドサイン),弁護士ドットコム株式会社,"Minato City, Japan",https://stackoverflow.com/jobs/310180
フロントエンドエンジニア,レバレジーズ株式会社,"Shibuya City, Japan",https://stackoverflow.com/jobs/310162
アプリケーションエンジニア,株式会社モバイルファクトリー,"Shinagawa City, Japan",https://stackoverflow.com/jobs/310151
フロントエンドエンジニア(プログラマー),株式会社　　エース,"Osaka, Japan",https://stackoverflow.com/jobs/309870
Webエンジニア(社内向けサービス),株式会社コロプラ,"Oita, Japan",https://stackoverflow.com/jobs/309686
システムエンジニア(バックエンド/フロントエンド),株式会社アーティス,"Hamamatsu, Japan",https://stackoverflow.com/jobs/309440
フロントエンドエンジニア,GMOペパボ株式会社,"Shibuya City, Japan",https://stackoverflow.com/jobs/309018
フロントエンドエンジニア(au スマートパス),株式会社mediba,"Minato City, Japan",https://stackoverflow.com/jobs/309017
WEBアプリケーションエンジニア,株式会社SoleBrain,"Chiyoda City, Japan",https://stackoverflow.com/jobs/308970
Webアプリケーションエンジニア,株式会社シムネット,"Sendai, Japan",https://stackoverflow.com/jobs/308962
PHP developer,Gambling.com Group,"Dublin 2, Ireland",https://stackoverflow.com/jobs/308838
Full-stack Software Engineer Associate,One Acre Fund,"Kigali, Rwanda",https://stackoverflow.com/jobs/387886
"Front-End Developer (HTML, CSS, Vue.js, Animation)",Limesharp,"London, UK",https://stackoverflow.com/jobs/132347
ソフトウェアエンジニア(TIG/Technology Architect),フューチャーアーキテクト株式会社,"Shinagawa City, Japan",https://stackoverflow.com/jobs/346792
Web開発,株式会社イレブン,"Chuo City, Japan",https://stackoverflow.com/jobs/355986
Senior Web Developer,Axpo,"Madrid, Spain",https://stackoverflow.com/jobs/387878
Webアプリケーション開,株式会社言語サービス,"Yokohama, Japan",https://stackoverflow.com/jobs/377669
【開発マネージャー候補募集】,株式会社IKY,"Chuo City, Japan",https://stackoverflow.com/jobs/377643
"Frontend Software Engineer. Evangelist. Enthusiast (Java Script, HTML5) (m/f/x)",financial.com AG,"München, Deutschland",https://stackoverflow.com/jobs/285784
フロントエンドエンジニア,type転職エージェント,"Shibuya City, Japan",https://stackoverflow.com/jobs/377640
ITエンジニア,JYJサンブリッジ株式会社,"Chuo City, Japan",https://stackoverflow.com/jobs/377619
エンジニア(JavaScript・PHP) / システムインテグレータ・ソフトハウス,株式会社 カタリストシステム,"Minato City, Japan",https://stackoverflow.com/jobs/337328
【インターンシップ】ゲーム エンタメ/芸能,株式会社ギャポリー,"Minato City, Japan",https://stackoverflow.com/jobs/356022
Webエンジニア(社内SE) / Webマーケティング・ネット広告,株式会社 グランネット,"Osaka, Japan",https://stackoverflow.com/jobs/387768
100%自社開発ウェブサービスの開発エンジニア / インターネット/Webサービス・ASP,インフォームシステム 株式会社,"Osaka, Japan",https://stackoverflow.com/jobs/310613
(Senior) Python Engineer / Architect (m/f/x) for Logistics #StaySafe,"AVANTGARDE - ""Creating Fans""","Berlin, Deutschland",https://stackoverflow.com/jobs/283674
Techlead / Senior Frontend Developer (m/f/x) Vue.js / React.js #StaySafe,"AVANTGARDE - ""Creating Fans""","Berlin, Deutschland",https://stackoverflow.com/jobs/277002
技術の力で働くひとの健康を創りませんか!ヘルステックサービス【サーバサイドエンジニア】 / インターネット/Webサービス・ASP,株式会社 iCARE,"Shibuya City, Japan",https://stackoverflow.com/jobs/318126
【自社開発のみ / PG】経験者優遇!急成長中のBtoCマーケットプレイスを支えるPHPプログラマー募集,クムクム株式会社,"Minato City, Japan",https://stackoverflow.com/jobs/387675
プロジェクトマネージャー / その他業界,データスタジアム 株式会社,"Minato City, Japan",https://stackoverflow.com/jobs/319613
サーバーサイド エンジニア,株式会社テコテック,"Minato City, Japan",https://stackoverflow.com/jobs/377437
SREエンジニア,type転職エージェント,"Shinagawa City, Japan",https://stackoverflow.com/jobs/344680
フロントエンドエンジニア,株式会社イマジカデジタルスケープ,"Osaka, Japan",https://stackoverflow.com/jobs/344645
【AWS】クラウドインフラエンジニア,株式会社ヴォーカーズ,"Shibuya City, Japan",https://stackoverflow.com/jobs/319558
Senior Front End Engineer,"Unanet, Inc.","Sterling, VA",https://stackoverflow.com/jobs/377135
Team Leader Java Developer,Experis - ManpowerGroup,"Trieste, Italy",https://stackoverflow.com/jobs/330553
テックリード / インターネット/Webサービス・ASP,BHI 株式会社,"Oita, Japan",https://stackoverflow.com/jobs/343347
サーバーサイドエンジニア,type転職エージェント,"Shibuya City, Japan",https://stackoverflow.com/jobs/387492
時間と場所に捉われず、働ける環境を構築したいWebエンジニア / システムインテグレータ・ソフトハウス,株式会社 JOINT CREW,"Osaka, Japan",https://stackoverflow.com/jobs/376392
プロダクトマネージャー,株式会社フロムスクラッチ,"Shinjuku City, Japan",https://stackoverflow.com/jobs/377012
53. 【福岡TechJIN採用】システム保守運用,株式会社フロムスクラッチ,"Fukuoka, Japan",https://stackoverflow.com/jobs/376982
Full-Stack Developer,White Rabbit Express,"Shinagawa City, Japan",https://stackoverflow.com/jobs/344126
・フロントエンドエンジニア ・バックエンドエンジニア ・モバイルエンジニア( Flutterエンジニア ),エヌ次元株式会社,"Shibuya City, Japan",https://stackoverflow.com/jobs/355366
Senior Full Stack Developer,Titan School Solutions,No office location,https://stackoverflow.com/jobs/374606
バックエンドエンジニア,合同会社DMM.com,"Minato City, Japan",https://stackoverflow.com/jobs/368242
Developer Advocate,"Jack Henry & Associates, Inc.®",No office location,https://stackoverflow.com/jobs/387418
2名募集 即日/交通費全額/次世代プラットホームの開発支援,株式会社エーティーエス,"Chiyoda City, Japan",https://stackoverflow.com/jobs/387316
"SE・PG(オープン系)/六本木 2,600円~JavaScript ES6でのフロントエンド開発",パーソル パナソニック HRパートナーズ株式会社　テクニカル事業本部,"Minato City, Japan",https://stackoverflow.com/jobs/382361
【大阪勤務】Webアプリケーション(サーバサイド)エンジニア / システムインテグレータ・ソフトハウス,株式会社 ゆめみ,"Osaka, Japan",https://stackoverflow.com/jobs/310689
【名古屋勤務】Androidアプリ開発エンジニア / システムインテグレータ・ソフトハウス,株式会社 ゆめみ,"Nagoya, Japan",https://stackoverflow.com/jobs/309184
エンジニア,ナイル株式会社,"Shinagawa City, Japan",https://stackoverflow.com/jobs/327617
アプリ開発・運用業務,株式会社エーティーエス,"Setagaya City, Japan",https://stackoverflow.com/jobs/364679
開発×Java,株式会社キャリアデザインITパートナーズ,"Shibuya City, Japan",https://stackoverflow.com/jobs/329162
フロントエンドエンジニア,株式会社アジャイルウェア,"Osaka, Japan",https://stackoverflow.com/jobs/338380
Fullstack Web Developer (w/m/d) Fokus Frontend | Team Assets,Otto (GmbH & Co KG),"Hamburg, Germany",https://stackoverflow.com/jobs/367707
Senior Full Stack Developer,Northern Ground,"Milwaukee, WI",https://stackoverflow.com/jobs/291605
Fullstack Software Engineer,Clarity Innovations,"Boston, MA",https://stackoverflow.com/jobs/285780
Senior Go Developer (Remote),X-Team,No office location,https://stackoverflow.com/jobs/235208
技術の力で働くひとの健康を創りませんか!ヘルステックサービス【インフラエンジニア】 / インターネット/Webサービス・ASP,株式会社 iCARE,"Shibuya City, Japan",https://stackoverflow.com/jobs/318127
六本木にてフロントエンドエンジニアのお仕事,クリーク・アンド・リバー社,"Minato City, Japan",https://stackoverflow.com/jobs/331591
プログラマ,ドゥーマンズ株式会社,"Shibuya City, Japan",https://stackoverflow.com/jobs/387099
フロントエンドエンジニア,LRM株式会社,"Shinagawa City, Japan",https://stackoverflow.com/jobs/376375
バックエンドエンジニア,株式会社ハイベロシティ,"Minato City, Japan",https://stackoverflow.com/jobs/376371
フロントエンドエンジニア,株式会社光ソフトウェア,"Osaka, Japan",https://stackoverflow.com/jobs/376369
SRE(DevOpsエンジニア),KeepAlive株式会社,"Shinjuku City, Japan",https://stackoverflow.com/jobs/376332
フロントエンドエンジニア,エムスリー株式会社,"Minato City, Japan",https://stackoverflow.com/jobs/309972
社内SE,株式会社ビジュアルリサーチ,"Yokohama, Japan",https://stackoverflow.com/jobs/376299
フロントエンドエンジニア~フリマアプリ『ラクマ』担当~,type転職エージェント,"Setagaya City, Japan",https://stackoverflow.com/jobs/387063
Javascriptプログラマー,株式会社パソナテック,"Yokohama, Japan",https://stackoverflow.com/jobs/376158
Webアプリエンジニア,アイレット株式会社,"Osaka, Japan",https://stackoverflow.com/jobs/376136
社内SE(社内ツール企画/開発)/フレックス勤務,株式会社Works Human Intelligence,"Minato City, Japan",https://stackoverflow.com/jobs/376123
WEBエンジニア・システムエンジニア・プログラマ,INSTYLE,"Minato City, Japan",https://stackoverflow.com/jobs/376111
Webアプリ開発,テクノヒューマンパワー株式会社,"Shibuya City, Japan",https://stackoverflow.com/jobs/376094
スマホアプリエンジニア,エムスリーキャリア株式会社,"Minato City, Japan",https://stackoverflow.com/jobs/376093
エンジニアリングマネージャー,paiza株式会社,"Minato City, Japan",https://stackoverflow.com/jobs/376086
開発案件におけるPM業務,株式会社エーティーエス,"Osaka, Japan",https://stackoverflow.com/jobs/376028
Railsエンジニア/100%受託開発/渋谷/ベンチャー/週1リモート/時短勤務可,mofmof inc.,"Shibuya City, Japan",https://stackoverflow.com/jobs/376027
QAエンジニア,株式会社Showcase Gig,"Minato City, Japan",https://stackoverflow.com/jobs/356752
システム開発担当【新規プロジェクト立ち上げメンバー】,株式会社AMBヒトラボ(Re:転職),"Chuo City, Japan",https://stackoverflow.com/jobs/376022
新規広告事業　開発責任者,ナイル株式会社,"Shinagawa City, Japan",https://stackoverflow.com/jobs/376021
AI関連システムの開発(Python),株式会社キャリアデザインITパートナーズ,"Shibuya City, Japan",https://stackoverflow.com/jobs/375887
【インターンシップ】ゲーム エンタメ/芸能,株式会社ギャポリー,"Minato City, Japan",https://stackoverflow.com/jobs/375800
検索チームエンジニア,合同会社DMM.com,"Minato City, Japan",https://stackoverflow.com/jobs/313278
SE,株式会社よきあす,"Shibuya City, Japan",https://stackoverflow.com/jobs/317485
アプリエンジニア,株式会社MONOKROM,"Shibuya City, Japan",https://stackoverflow.com/jobs/375668
SE,株式会社アイスリーデザイン,"Shibuya City, Japan",https://stackoverflow.com/jobs/375665
SENIOR FULL-STACK DEVELOPER(シニア フルスタック デベロッパー),FunkyCorp Ltd.,"Minato City, Japan",https://stackoverflow.com/jobs/375652
SE・プログラマ 2021卒,株式会社イーグリッド,"Maebashi, Japan",https://stackoverflow.com/jobs/375533
CCCMK_開発エンジニア(データエンハンス),カルチュア･コンビニエンス・クラブグループ,"Shibuya City, Japan",https://stackoverflow.com/jobs/310196
Senior Frontend Developer (Remote),Hypothesis.is,No office location,https://stackoverflow.com/jobs/375433
Senior Full-Stack Developer Javascript (m/f/d),e-bot7 GmbH,"München, Germany",https://stackoverflow.com/jobs/375390
Product Software Engineer,Xpand IT,"Lisboa, Portugal",https://stackoverflow.com/jobs/386132
Software Engineer II,Citizens Bank,"Providence, RI",https://stackoverflow.com/jobs/386833
Working Student - User Experiences (UX) Design and Frontend Development,umlaut,"Aachen, Deutschland",https://stackoverflow.com/jobs/375332
Senior Front-End Engineer,Back Market,"Paris, France",https://stackoverflow.com/jobs/283837
QA Engineer,Back Market,"Paris, France",https://stackoverflow.com/jobs/283888
Engineering Manager - Cloud Infrastructure,Back Market,"Paris, France",https://stackoverflow.com/jobs/198320
スマホ動画プレイヤー開発(メンバー) / インターネット/Webサービス・ASP,RUN.EDGE 株式会社,"Shibuya City, Japan",https://stackoverflow.com/jobs/375669
フロントエンドエンジニア,株式会社アジャイルウェア,"Meguro City, Japan",https://stackoverflow.com/jobs/386702
ソフトウェアエンジニア,エムスリー株式会社,"Minato City, Japan",https://stackoverflow.com/jobs/309551
Webエンジニア,GROOVEX株式会社,"中央区, Japan",https://stackoverflow.com/jobs/386695
PHPエンジニア(東京勤務) / システムインテグレータ・ソフトハウス,アジアクエスト 株式会社,"Chiyoda City, Japan",https://stackoverflow.com/jobs/369895
CTO候補 / その他コンサルティング系,株式会社 エナジード,"Shinjuku City, Japan",https://stackoverflow.com/jobs/340729
PM / システムインテグレータ・ソフトハウス,株式会社 h2ワークス,"Chiyoda City, Japan",https://stackoverflow.com/jobs/319669
開発エンジニア,株式会社A・ヒューマン,"Minato City, Japan",https://stackoverflow.com/jobs/386656
テックリード / インターネット/Webサービス・ASP,株式会社 カウンターワークス,"Meguro City, Japan",https://stackoverflow.com/jobs/379788
【東京】PHP開発WEBエンジニア【100%自社内開発】 / インターネット/Webサービス・ASP,株式会社 エクスクルーズ,"Shibuya City, Japan",https://stackoverflow.com/jobs/386653
【福岡採用】最先端の技術で開発するプログラマー職(第二新卒歓迎!) / AR/VR/MR,スターティアラボ 株式会社,"Fukuoka, Japan",https://stackoverflow.com/jobs/309122
【福岡採用】最先端の技術で業界トップをねらうエンジニア職(リーダークラス) / AR/VR/MR,スターティアラボ 株式会社,"Fukuoka, Japan",https://stackoverflow.com/jobs/352900
フロントエンジニア,株式会社オルツ,"Minato City, Japan",https://stackoverflow.com/jobs/386608
フロントエンドエンジニア/東京/音声解析AI営業/ 600万円~1200万円/フルフレックス,株式会社RevComm,"Shibuya City, Japan",https://stackoverflow.com/jobs/375939
エンジニア,type転職エージェント,"Shinagawa City, Japan",https://stackoverflow.com/jobs/343345
SETエンジニア/QAエンジニア,株式会社ヴォーカーズ,"Shibuya City, Japan",https://stackoverflow.com/jobs/319556
/WEBアプリ/バックエンドエンジニア/JavaScript,type転職エージェント,"Minato City, Japan",https://stackoverflow.com/jobs/318268
フロントエンドエンジニア(弁護士ドットコム),弁護士ドットコム株式会社,"Minato City, Japan",https://stackoverflow.com/jobs/343138
フロントエンドディベロッパー / インタラクション デザイナー (Front-end Developer / Interaction Designer),株式会社ユニクロ,"Koto City, Japan",https://stackoverflow.com/jobs/354091
自社IoTサービスのプロダクトマネージャー,テックファーム株式会社,"Shinjuku City, Japan",https://stackoverflow.com/jobs/354085
フロントエンドエンジニア,株式会社MONSTER DIVE,"Minato City, Japan",https://stackoverflow.com/jobs/354072
リモート/フルフレックス脆弱性診断自動化プロダクトを0から開発するRailsエンジニア募集,ココン株式会社,"Osaka, Japan",https://stackoverflow.com/jobs/367381
リードエンジニア,アイスタイルグループ,"Minato City, Japan",https://stackoverflow.com/jobs/367374
"Software Engineer, Language & Translation","Wikimedia Foundation, Inc.",No office location,https://stackoverflow.com/jobs/386505
Senior PHP Developer,Defiant Inc,No office location,https://stackoverflow.com/jobs/386493
DevOps / Cloud Engineer - Kubernetes (m/w/d),Pickware GmbH,"Darmstadt, Deutschland",https://stackoverflow.com/jobs/343056
Senior Front-end Developer,Channable,"Utrecht, Netherlands",https://stackoverflow.com/jobs/342986
派遣/朝はゆっくり10時出社 WEBシステム開発@秋葉原 PHP,株式会社スタッフサービス　エンジニアガイド,"Chiyoda City, Japan",https://stackoverflow.com/jobs/353564
Web系エンジニア　アプリ系エンジニア / インターネット/Webサービス・ASP,株式会社 Blue Star,"Shinagawa City, Japan",https://stackoverflow.com/jobs/317592
ジュニアサーバーサイドエンジニア / インターネット/Webサービス・ASP,株式会社 マイベスト,"Chuo City, Japan",https://stackoverflow.com/jobs/329329
Rubyエンジニア(CAST) / インターネット/Webサービス・ASP,hachidori 株式会社,"Chiyoda City, Japan",https://stackoverflow.com/jobs/318076
近鉄名古屋駅|WEBエンジニア(自社開発)PHP MySQLの経験があればOK 賞与年4回 残業20h程度|プログラマ(オープン WEB系),株式会社アットイン 本社,"Nagoya, Japan",https://stackoverflow.com/jobs/386312
アプリケーションエンジニア(SaaS事業) / インターネット/Webサービス・ASP,株式会社 アイスタイル,"Minato City, Japan",https://stackoverflow.com/jobs/379420
【インフラエンジニア】東京オフィス / ソフトウェア/パッケージベンダ,株式会社 エクサウィザーズ,"Minato City, Japan",https://stackoverflow.com/jobs/318708
Railsエンジニア / インターネット/Webサービス・ASP,株式会社 ヤマップ,"Fukuoka, Japan",https://stackoverflow.com/jobs/375641
【情報セキュリティエンジニア】東京オフィス / ソフトウェア/パッケージベンダ,株式会社 エクサウィザーズ,"Minato City, Japan",https://stackoverflow.com/jobs/357670
プロダクトデベロップメント部 スクラムマスター / インターネット/Webサービス・ASP,株式会社 Phone Appli,"Minato City, Japan",https://stackoverflow.com/jobs/340347
フロントエンジニア / Eコマースをアップデート!　オリジナル製品を気軽に購入できる自社ブランドサイトを手がけます / インターネット/Webサービス・ASP,株式会社 レスタス(旧名:株式会社名入れ製作所),"Osaka, Japan",https://stackoverflow.com/jobs/315457
エンジニア(大阪) / システムインテグレータ・ソフトハウス,株式会社 ユニゾンシステムズ,"Osaka, Japan",https://stackoverflow.com/jobs/369724
アプリケーションエンジニア リーダー候補,株式会社KDDIウェブコミュニケーションズ,"Minato City, Japan",https://stackoverflow.com/jobs/386296
SE・PG(オープン系)/日払即日全額振込 小売業向けシステム改修 月給50万円~,株式会社アイズスタッフ,"横浜市, Japan",https://stackoverflow.com/jobs/386294
プレイングマネジャー / インターネット/Webサービス・ASP,株式会社 テトラクローマ,"Shinjuku City, Japan",https://stackoverflow.com/jobs/340723
サーバーサイドエンジニア【新規事業/新規サービス立ち上げ】 / IoT・M2M・ロボット,株式会社 グラモ,"Toshima City, Japan",https://stackoverflow.com/jobs/312198
システム企画・開発・運用 / その他業界,データスタジアム 株式会社,"Minato City, Japan",https://stackoverflow.com/jobs/319607
技術プロジェクトマネージャー【新規事業/新規サービス立ち上げ】 / IoT・M2M・ロボット,株式会社 グラモ,"Toshima City, Japan",https://stackoverflow.com/jobs/319610
税務相談業務システム開発プログラマ,株式会社シティキャリアサービス,"Fukuoka, Japan",https://stackoverflow.com/jobs/386274
【福岡採用】ビジネスと技術をデザインするエンジニア職(プロフェッショナル) / AR/VR/MR,スターティアラボ 株式会社,"Fukuoka, Japan",https://stackoverflow.com/jobs/309125
iOSエンジニア / インターネット/Webサービス・ASP,CBcloud 株式会社,"Chiyoda City, Japan",https://stackoverflow.com/jobs/318856
Webアプリケーションエンジニア / インターネット/Webサービス・ASP,株式会社 FORCAS,"Minato City, Japan",https://stackoverflow.com/jobs/331040
SREエンジニア / 広告・デザイン・イベント,ログリー 株式会社,"Shibuya City, Japan",https://stackoverflow.com/jobs/318283
フロントエンドエンジニア,CROOZ SHOPLIST株式会社,"Shinagawa City, Japan",https://stackoverflow.com/jobs/386263
ネイティブアプリエンジニア,CROOZ SHOPLIST株式会社,"Shinagawa City, Japan",https://stackoverflow.com/jobs/386262
エンジニアリングマネージャー / インターネット/Webサービス・ASP,株式会社 カウンターワークス,"Meguro City, Japan",https://stackoverflow.com/jobs/318362
技術の力で働くひとの健康を創りませんか!ヘルステックサービス【テックリード】 / インターネット/Webサービス・ASP,株式会社 iCARE,"Shibuya City, Japan",https://stackoverflow.com/jobs/340187
SRE(DevOpsエンジニア) / ITコンサルティング,KeepAlive 株式会社,"Shinjuku City, Japan",https://stackoverflow.com/jobs/319573
DevOpsエンジニア(SRE) / ITコンサルティング,KeepAlive 株式会社,"Shinjuku City, Japan",https://stackoverflow.com/jobs/319572
Rubyエンジニア(プラットフォームの開発・運営) / インターネット/Webサービス・ASP,株式会社 インターファーム,"Shibuya City, Japan",https://stackoverflow.com/jobs/376115
rubyエンジニア / インターネット/Webサービス・ASP,ポート 株式会社,"Shinjuku City, Japan",https://stackoverflow.com/jobs/336258
Rubyエンジニア(研究開発チーム) / インターネット/Webサービス・ASP,株式会社 LegalForce,"Chiyoda City, Japan",https://stackoverflow.com/jobs/336265
Railsエンジニア / 不動産賃貸・仲介・管理,イタンジ 株式会社,"Minato City, Japan",https://stackoverflow.com/jobs/317517
開発エンジニア(フロントエンド/バックエンド),SORABITO株式会社,"Chuo City, Japan",https://stackoverflow.com/jobs/386253
サーバサイドエンジニア リーダー候補(Ruby on Rails) / 飲食・旅行・レジャー・アミューズメント,株式会社 デコルテ,"Minato City, Japan",https://stackoverflow.com/jobs/363327
Ruby / Ruby on Railsエンジニア / インターネット/Webサービス・ASP,株式会社 リジョブ,"Toshima City, Japan",https://stackoverflow.com/jobs/317993
サーバサイドエンジニア(Ruby on Rails) / 飲食・旅行・レジャー・アミューズメント,株式会社 デコルテ,"Minato City, Japan",https://stackoverflow.com/jobs/336267
JavaScriptエンジニア / インターネット/Webサービス・ASP,株式会社 インフキュリオンデジタル,"Chiyoda City, Japan",https://stackoverflow.com/jobs/328285
"RPAエンジニア(Javascript,Ruby) / システムインテグレータ・ソフトハウス",株式会社 コムスクエア,"Chuo City, Japan",https://stackoverflow.com/jobs/319592
【完全在宅】テレワークのエンジニア / Webマーケティング・ネット広告,オリクション 株式会社,"Shibuya City, Japan",https://stackoverflow.com/jobs/377440
アプリ開発エンジニア(名古屋オフィス) / インターネット/Webサービス・ASP,クラウドエース 株式会社,"Nagoya, Japan",https://stackoverflow.com/jobs/309419
開発エンジニア(名古屋オフィス) / システムインテグレータ・ソフトハウス,株式会社 スタイル・フリー,"Nagoya, Japan",https://stackoverflow.com/jobs/309176
PHPエンジニア(大阪) / システムインテグレータ・ソフトハウス,株式会社 ロジカルスタジオ,"Osaka, Japan",https://stackoverflow.com/jobs/315021
【メンバー募集】Webプログラマー / インターネット/Webサービス・ASP,株式会社 コンビーズ,"Osaka, Japan",https://stackoverflow.com/jobs/356007
開発エンジニア:プレイングマネージャー(東京中心+リモートワーク可)orテックリード / インターネット/Webサービス・ASP,株式会社 Stroly,"Chiyoda City, Japan",https://stackoverflow.com/jobs/345682
リードエンジニア/PM / その他IT/Web・通信・インターネット系,Fabeee 株式会社,"Chiyoda City, Japan",https://stackoverflow.com/jobs/309602
フロントエンド開発エンジニア / その他IT/Web・通信・インターネット系,Fabeee 株式会社,"Chiyoda City, Japan",https://stackoverflow.com/jobs/309534
システムエンジニア / 人材サービス(紹介/派遣/教育/研修),デマンドリンク 株式会社,"Chiyoda City, Japan",https://stackoverflow.com/jobs/376071
webエンジニア / Webマーケティング・ネット広告,PLAINER 株式会社,"Shibuya City, Japan",https://stackoverflow.com/jobs/364676
バックエンドエンジニア / インターネット/Webサービス・ASP,株式会社 Pathee(旧名:株式会社 tritrue),"Shinagawa City, Japan",https://stackoverflow.com/jobs/343831
ITエンジニア(オープンポジション) / その他IT/Web・通信・インターネット系,Fabeee 株式会社,"Chiyoda City, Japan",https://stackoverflow.com/jobs/309514
インフラエンジニア(SRE) / インターネット/Webサービス・ASP,クレジットエンジン 株式会社,"Minato City, Japan",https://stackoverflow.com/jobs/351886
サーバサイドエンジニア / システムインテグレータ・ソフトハウス,ノウブル 株式会社,"Chiyoda City, Japan",https://stackoverflow.com/jobs/381189
Ruby/Railsエンジニア / システムインテグレータ・ソフトハウス,株式会社 ゼロフィールド,"Minato City, Japan",https://stackoverflow.com/jobs/321980
サーバーサイドエンジニア/マネジャー候補 / ITコンサルティング,株式会社 ビットエー,"Shinagawa City, Japan",https://stackoverflow.com/jobs/309615
フリーダムエンジニア / その他IT/Web・通信・インターネット系,Fabeee 株式会社,"Chiyoda City, Japan",https://stackoverflow.com/jobs/309511
Webエンジニア(PM/PL) / インターネット/Webサービス・ASP,株式会社 N2i,"Chiyoda City, Japan",https://stackoverflow.com/jobs/375597
現在PHPエンジニア / その他IT/Web・通信・インターネット系,Fabeee 株式会社,"Chiyoda City, Japan",https://stackoverflow.com/jobs/336176
$荒野のエンジニア$ / その他IT/Web・通信・インターネット系,Fabeee 株式会社,"Chiyoda City, Japan",https://stackoverflow.com/jobs/309512
ハードウェアエンジニア / システムインテグレータ・ソフトハウス,株式会社 ゼロフィールド,"Minato City, Japan",https://stackoverflow.com/jobs/370357
開発Webサービス:フルスタックエンジニア(東京中心+リモートワーク可) / インターネット/Webサービス・ASP,株式会社 Stroly,"Chiyoda City, Japan",https://stackoverflow.com/jobs/345678
現在業務系エンジニア / その他IT/Web・通信・インターネット系,Fabeee 株式会社,"Chiyoda City, Japan",https://stackoverflow.com/jobs/309513
Pythonエンジニア(R) / Webマーケティング・ネット広告,株式会社 クレスティア,"Shibuya City, Japan",https://stackoverflow.com/jobs/309503
WEBエンジニア(福岡勤務) / ITコンサルティング,株式会社 メンバーズ メンバーズエッジカンパニー,"Fukuoka, Japan",https://stackoverflow.com/jobs/384158
機械学習エンジニア / インターネット/Webサービス・ASP,クレジットエンジン 株式会社,"Minato City, Japan",https://stackoverflow.com/jobs/351884
WEBエンジニア(福岡市・今宿勤務) / ITコンサルティング,株式会社 メンバーズ メンバーズエッジカンパニー,"Fukuoka, Japan",https://stackoverflow.com/jobs/383656
O2Oエンジニア / Webマーケティング・ネット広告,SMN 株式会社,"Shinagawa City, Japan",https://stackoverflow.com/jobs/345687
Webアプリエンジニア / 経営/ビジネスコンサルティング・シンクタンク,株式会社 ミナケア,"Chiyoda City, Japan",https://stackoverflow.com/jobs/309609
フルスタック開発エンジニア / システムインテグレータ・ソフトハウス,株式会社 アイルミッション(旧クリティックミッションジャパン),"Yokohama, Japan",https://stackoverflow.com/jobs/319004
QAエンジニア / インターネット/Webサービス・ASP,クレジットエンジン 株式会社,"Minato City, Japan",https://stackoverflow.com/jobs/376058
Webフロントエンドエンジニア(東京中心+リモートワーク可) / インターネット/Webサービス・ASP,株式会社 Stroly,"Chiyoda City, Japan",https://stackoverflow.com/jobs/345675
Pythonエンジニア / システムインテグレータ・ソフトハウス,株式会社 ゼロフィールド,"Minato City, Japan",https://stackoverflow.com/jobs/321979
リードエンジニア(東京・フルリモート) / ITコンサルティング,株式会社 メンバーズ メンバーズエッジカンパニー,"Chuo City, Japan",https://stackoverflow.com/jobs/383653
Pythonエンジニア / インターネット/Webサービス・ASP,クレジットエンジン 株式会社,"Minato City, Japan",https://stackoverflow.com/jobs/309608
Pythonエンジニア / Webマーケティング・ネット広告,株式会社 クレスティア,"Shibuya City, Japan",https://stackoverflow.com/jobs/369231
Pythonエンジニア【ビザスク開発グループ】 / インターネット/Webサービス・ASP,株式会社 ビザスク,"Meguro City, Japan",https://stackoverflow.com/jobs/366996
データアナリスト / インターネット/Webサービス・ASP,クレジットエンジン 株式会社,"Minato City, Japan",https://stackoverflow.com/jobs/351878
データサイエンティスト / その他IT/Web・通信・インターネット系,Fabeee 株式会社,"Chiyoda City, Japan",https://stackoverflow.com/jobs/309557
サーバーサイドエンジニア(フルリモート勤務) / ITコンサルティング,株式会社 メンバーズ メンバーズエッジカンパニー,"Chuo City, Japan",https://stackoverflow.com/jobs/384157
Pythonエンジニア(東京中心+リモートワーク可) / インターネット/Webサービス・ASP,株式会社 Stroly,"Chiyoda City, Japan",https://stackoverflow.com/jobs/345677
イベント事業部エンジニア / 出版・新聞・雑誌,株式会社 TORICO,"Chiyoda City, Japan",https://stackoverflow.com/jobs/353502
プロジェクトマネジャー・プロジェクトリーダー / モバイル/アプリサービス,株式会社 ソニックス,"Shinagawa City, Japan",https://stackoverflow.com/jobs/330387
フロントエンドエンジニア/フレックス勤務! / Webマーケティング・ネット広告,株式会社 FLUX,"Shibuya City, Japan",https://stackoverflow.com/jobs/309688
Webエンジニア(社内向けサービス),type転職エージェント,"Oita, Japan",https://stackoverflow.com/jobs/386194
CTO候補 / インターネット/Webサービス・ASP,株式会社 ヒトクセ,"Shinjuku City, Japan",https://stackoverflow.com/jobs/375944
Webエンジニア(神戸勤務) / ITコンサルティング,株式会社 メンバーズ メンバーズエッジカンパニー,"Kobe, Japan",https://stackoverflow.com/jobs/383658
ソフトウェアエンジニア(Backend)/ Go言語 / インターネット/Webサービス・ASP,MF KESSAI 株式会社,"Chiyoda City, Japan",https://stackoverflow.com/jobs/310177
インフラエンジニア / ITコンサルティング,株式会社 ライトコード,"Chiyoda City, Japan",https://stackoverflow.com/jobs/376073
フロントエンドエンジニア(クラウドサイン) / インターネット/Webサービス・ASP,弁護士ドットコム 株式会社,"Minato City, Japan",https://stackoverflow.com/jobs/310173
Webシステム開発エンジニア / システムインテグレータ・ソフトハウス,アシアル 株式会社,"Bunkyo City, Japan",https://stackoverflow.com/jobs/310160
データ/DB構築・開発エンジニア / その他サービス系,CCC マーケティング 株式会社,"Shibuya City, Japan",https://stackoverflow.com/jobs/310212
経験豊富なメンバーと20~30代の若い会社で働くWeb系エンジニア / インターネット/Webサービス・ASP,株式会社 Blue Star,"Shinagawa City, Japan",https://stackoverflow.com/jobs/310159
最上流から開発・リリースまで手掛けるWeb系エンジニア / インターネット/Webサービス・ASP,株式会社 Blue Star,"Shinagawa City, Japan",https://stackoverflow.com/jobs/310197
"ソフトウェアエンジニア(フロントエンド)/ Vue, Nuxt / インターネット/Webサービス・ASP",MF KESSAI 株式会社,"Chiyoda City, Japan",https://stackoverflow.com/jobs/310176
市場価値を高める開発エンジニア / インターネット/Webサービス・ASP,株式会社 Blue Star,"Shinagawa City, Japan",https://stackoverflow.com/jobs/331552
【BASE】フロントエンドエンジニア / その他金融・保険系,BASE 株式会社,"Minato City, Japan",https://stackoverflow.com/jobs/310258
Webエンジニア / インターネット/Webサービス・ASP,株式会社 ココペリ,"Chiyoda City, Japan",https://stackoverflow.com/jobs/310181
履歴書・職務経歴書不要 　公私充実を目指す開発エンジニア! / インターネット/Webサービス・ASP,株式会社 Blue Star,"Shinagawa City, Japan",https://stackoverflow.com/jobs/310190
フロントエンドエンジニア/データ分析プラットフォーム / インターネット/Webサービス・ASP,株式会社 スリーシェイク,"Chiyoda City, Japan",https://stackoverflow.com/jobs/310208
プロダクトマネージャー / インターネット/Webサービス・ASP,株式会社 Relic,"Oita, Japan",https://stackoverflow.com/jobs/337289
"これからは　React,Angular,Vue.jsなどのSPAだ! / インターネット/Webサービス・ASP",株式会社 Blue Star,"Shinagawa City, Japan",https://stackoverflow.com/jobs/310255
新たなファッションサービスの立ち上げ!フロント/バックエンドエンジニアとして幅広く力を発揮したい方Welcome! / インターネット/Webサービス・ASP,株式会社 メイキップ,"Shinjuku City, Japan",https://stackoverflow.com/jobs/310193
働くパパを応援! / インターネット/Webサービス・ASP,株式会社 Blue Star,"Shinagawa City, Japan",https://stackoverflow.com/jobs/331085
Software Engineer in Test / インターネット/Webサービス・ASP,BHI 株式会社,"Oita, Japan",https://stackoverflow.com/jobs/343341
開発リーダー/プロジェクトリーダー(京都) / システムインテグレータ・ソフトハウス,株式会社 ブイ・クルーズ,"Kyoto, Japan",https://stackoverflow.com/jobs/309637
Webエンジニア/プログラマ(京都) / システムインテグレータ・ソフトハウス,株式会社 ブイ・クルーズ,"Kyoto, Japan",https://stackoverflow.com/jobs/309632
Rails/PHP エンジニア(京都・時短) / システムインテグレータ・ソフトハウス,株式会社 ブイ・クルーズ,"Kyoto, Japan",https://stackoverflow.com/jobs/309633
アプリ開発エンジニア(福岡オフィス) / インターネット/Webサービス・ASP,クラウドエース 株式会社,"Fukuoka, Japan",https://stackoverflow.com/jobs/309210
エンジニア(福岡) / システムインテグレータ・ソフトハウス,株式会社 ユニゾンシステムズ,"Fukuoka, Japan",https://stackoverflow.com/jobs/309215
Webプログラマー/AI(人工知能)/自社サービス【業界・フェーズ・年数不問】福岡 / インターネット/Webサービス・ASP,木村情報技術 株式会社,"Fukuoka, Japan",https://stackoverflow.com/jobs/309119
プログラマー、SE、保守運用(福岡) / インターネット/Webサービス・ASP,株式会社 アクシス,"Fukuoka, Japan",https://stackoverflow.com/jobs/375575
【TechJIN】保守運用エンジニア / インターネット/Webサービス・ASP,株式会社 フロムスクラッチ,"Fukuoka, Japan",https://stackoverflow.com/jobs/345422
開発エンジニア(福岡オフィス) / システムインテグレータ・ソフトハウス,株式会社 スタイル・フリー,"Fukuoka, Japan",https://stackoverflow.com/jobs/309127
フリーランスエンジニア / システムインテグレータ・ソフトハウス,株式会社 ロジカルスタジオ,"Osaka, Japan",https://stackoverflow.com/jobs/353465
フロントエンド開発エンジニア / システムインテグレータ・ソフトハウス,アバナード 株式会社,"Minato City, Japan",https://stackoverflow.com/jobs/310068
Webエンジニア(札幌勤務) / ITコンサルティング,株式会社 メンバーズ メンバーズエッジカンパニー,"Sapporo, Japan",https://stackoverflow.com/jobs/383641
リードエンジニア(神戸・札幌・フルリモート) / ITコンサルティング,株式会社 メンバーズ メンバーズエッジカンパニー,"Sapporo, Japan",https://stackoverflow.com/jobs/383640
フロントエンドエンジニア / ITコンサルティング,BRANU 株式会社,"Minato City, Japan",https://stackoverflow.com/jobs/309026
サーバーサイドエンジニア(沖縄立ち上げメンバー募集) / インターネット/Webサービス・ASP,CBcloud 株式会社,"Naha, Japan",https://stackoverflow.com/jobs/375556
Senior Data Engineer,Civitech,"Austin, TX",https://stackoverflow.com/jobs/361676
Webアプリケーションエンジニア / インターネット/Webサービス・ASP,株式会社 SoleBrain,"Chiyoda City, Japan",https://stackoverflow.com/jobs/337169
Full Stack Developer,Särmä Digital Oy,"Helsinki, Finland",https://stackoverflow.com/jobs/333786
Senior Frontend Engineer,aklamio,"Berlin, Germany",https://stackoverflow.com/jobs/372974
フロントエンドエンジニア,type転職エージェント,"Shinjuku City, Japan",https://stackoverflow.com/jobs/358433
フロントエンドエンジニア《自社SaaS事業のプロダクト開発》,株式会社WAKUWAKU,"Meguro City, Japan",https://stackoverflow.com/jobs/386076
(Java)コスメ/デジタルコード販売サービス開発案件,レバテック株式会社,"Setagaya City, Japan",https://stackoverflow.com/jobs/386072
名古屋駅|WEBエンジニア(自社開発)PHP MySQLの経験があればOK 賞与年4回 残業20h程度|その他のシステム開発(オープン WEB系)関連職,株式会社アットイン 本社,"Nagoya, Japan",https://stackoverflow.com/jobs/386066
名鉄名古屋駅|WEBエンジニア(自社開発)PHP MySQLの経験があればOK 賞与年4回 残業20h程度|その他のシステム開発(オープン WEB系)関連職,株式会社アットイン 本社,"Nagoya, Japan",https://stackoverflow.com/jobs/386065
開発系社内SE,株式会社アットイン,"Nagoya, Japan",https://stackoverflow.com/jobs/369384
システムコンサルタント,株式会社エム・エー・ディー,"Chuo City, Japan",https://stackoverflow.com/jobs/386016
システムエンジニア,株式会社シャインソフト,"Minato City, Japan",https://stackoverflow.com/jobs/385943
ECサイト　フロントエンドエンジニア,アスクル株式会社,"Koto City, Japan",https://stackoverflow.com/jobs/385809
ECサイトフロントエンド開発(JavaScript),株式会社アイソル,"Shinjuku City, Japan",https://stackoverflow.com/jobs/352953
エンジニアリングマネージャー,アイスタイルグループ,"Minato City, Japan",https://stackoverflow.com/jobs/366340
初級Webエンジニア,株式会社GIBJapan,"Shinjuku City, Japan",https://stackoverflow.com/jobs/366311
Senior Front-end Engineer,"Autify, Inc.","Tokyo, Japan",https://stackoverflow.com/jobs/347910
Senior Web Application Engineer,"Autify, Inc.","Tokyo, Japan",https://stackoverflow.com/jobs/374847
Front End Developer,YouGov,"Warsaw, Poland",https://stackoverflow.com/jobs/322171
Software Engineer PHP (m/f/x),Lyke GmbH,"Hannover, Deutschland",https://stackoverflow.com/jobs/290531
IoTエンジニア,株式会社スマートショッピング,"Shinagawa City, Japan",https://stackoverflow.com/jobs/365883
SRE,株式会社スマートショッピング,"Shinagawa City, Japan",https://stackoverflow.com/jobs/365878
カスタマーサポート系システム開発エンジニア,合同会社DMM.com,"Kanazawa, Japan",https://stackoverflow.com/jobs/342608
バックエンドエンジニア(アーキテクト),株式会社ウィルゲート,"Shibuya City, Japan",https://stackoverflow.com/jobs/321939
Principal Software Engineer,Citizens Bank,"Boston, MA",https://stackoverflow.com/jobs/374590
JavaScript Developer (m/w/x) Portal-Entwicklung,meinestadt.de GmbH,"Köln, Germany",https://stackoverflow.com/jobs/247475
Principal Architect,Citizens Bank,"Boston, MA",https://stackoverflow.com/jobs/374589
Frontend Developer - React/JavaScript,Tivix,"Wrocław, Poland",https://stackoverflow.com/jobs/342302
Fullstack C# Developer / Fullstack C# Entwickler (m/w/d),SVA System Vertrieb Alexander GmbH,"Wiesbaden, Deutschland",https://stackoverflow.com/jobs/374557
Senior AEM (Adobe Experience Manager) Engineer (m/w/d),N47 AG,"Zürich, Schweiz",https://stackoverflow.com/jobs/342034
医療(電子カルテ)フロントエンジニア(スクラムマスター候補),株式会社Donuts,"Shibuya City, Japan",https://stackoverflow.com/jobs/313277
フロントエンドエンジニア,株式会社メンバーズ,"Fukuoka, Japan",https://stackoverflow.com/jobs/352245
ポテンシャル採用エンジニア,株式会社インディバル,"Chiyoda City, Japan",https://stackoverflow.com/jobs/384996
コールセンターシステム開発(Java・Javascript),株式会社アイソル,"Toshima City, Japan",https://stackoverflow.com/jobs/384980
エンジニアリングマネージャー,株式会社キュービック,"Shinjuku City, Japan",https://stackoverflow.com/jobs/384959
"時給3,000円 golang/バックエンドエンジニア",株式会社エーティーエス,"Minato City, Japan",https://stackoverflow.com/jobs/384879
Software Developer*,3AP AG,"Beograd, Serbia",https://stackoverflow.com/jobs/237521
Full Stack PHP Web Developer,Outreach Inc,"Colorado Springs, CO",https://stackoverflow.com/jobs/364886
Web開発エンジニア,KIYOラーニング株式会社,"Chiyoda City, Japan",https://stackoverflow.com/jobs/384675
IT人材事業本部 中途採用 / 開発・エンジニア(東京),ギークスグループ,"Shibuya City, Japan",https://stackoverflow.com/jobs/318480
高時給 英語/交通費/Webアプリエンジニア(PHP),株式会社エーティーエス,"Setagaya City, Japan",https://stackoverflow.com/jobs/384671
バックエンドエンジニア,株式会社アームズ,"Shizuoka, Japan",https://stackoverflow.com/jobs/384670
マークアップエンジニア,株式会社MONSTER DIVE,"Minato City, Japan",https://stackoverflow.com/jobs/384664
Webフロントエンジニア,クラスメソッド株式会社,"Chiyoda City, Japan",https://stackoverflow.com/jobs/384661
アプリケーション開発エンジニア,株式会社ゴーリスト,"Chiyoda City, Japan",https://stackoverflow.com/jobs/384660
フロントエンドエンジニア,Fabeee株式会社,"Chiyoda City, Japan",https://stackoverflow.com/jobs/384659
サーバーサイドエンジニア / LINEモバイル,LINE株式会社,"Shinjuku City, Japan",https://stackoverflow.com/jobs/364874
エンジニア,株式会社ラクーン,"Chuo City, Japan",https://stackoverflow.com/jobs/341388
DevOpsエンジニア(開発運用スタッフ)/若手層~シニア層まで幅広く複数名募集,type転職エージェント,"Minato City, Japan",https://stackoverflow.com/jobs/321011
Front End Web Developer,"OpenEye Scientific Software, Inc.","Santa Fe, NM",https://stackoverflow.com/jobs/351836
Frontend Developer e-Commerce (f/m/d),LILLYDOO GmbH,"Frankfurt am Main, Germany",https://stackoverflow.com/jobs/240569
WEB-DEVELOPER/IN,dataformers GmbH,"Linz, Österreich",https://stackoverflow.com/jobs/320844
.NET Developer,Typeqast,"Zagreb, Croatia",https://stackoverflow.com/jobs/336340
Full stack developer,Massive Entertainment - A Ubisoft Studio,"Malmö, Sweden",https://stackoverflow.com/jobs/351634
(Senior) Software Engineer Backend/ Branche Banking,msg systems ag,"München, Deutschland",https://stackoverflow.com/jobs/384345
未経験/第二新卒/エンジニア/賞与4回/六本木駅近,株式会社EVERRISE,"Minato City, Japan",https://stackoverflow.com/jobs/318527
エンジニア,株式会社セレス,"Setagaya City, Japan",https://stackoverflow.com/jobs/318453
webエンジニア,アクシスモーション株式会社,"Chiyoda City, Japan",https://stackoverflow.com/jobs/318253
フロントエンドエンジニア,株式会社ゆめみ,"Kyoto, Japan",https://stackoverflow.com/jobs/364678
SE,type転職エージェント,"Chiyoda City, Japan",https://stackoverflow.com/jobs/310052
FEエンジニア・アルバイト(東京・CS),株式会社オロ,"Meguro City, Japan",https://stackoverflow.com/jobs/340581
リード・フロントエンドエンジニア,株式会社ゆめみ,"Setagaya City, Japan",https://stackoverflow.com/jobs/364631
フロントエンジニア,株式会社インファクト,"Muko, Japan",https://stackoverflow.com/jobs/340356
エンジニアリング系技術職,ワークタンク,"Sagamihara, Japan",https://stackoverflow.com/jobs/340346
BtoC向けWebサービス開発(Vue・React),株式会社アイソル,"Tokyo, Japan",https://stackoverflow.com/jobs/332493
オープン系・Web系開発業務,株式会社アルス・ノヴァ,"Chiyoda City, Japan",https://stackoverflow.com/jobs/340328
クラウドエンジニア(AWS),type転職エージェント,"Shinjuku City, Japan",https://stackoverflow.com/jobs/319817
保育園完備 子連れ出勤OK 【ママエンジニア募集】ブランクありでもOK,チアーマザーズ株式会社,"Taito City, Japan",https://stackoverflow.com/jobs/340186
Tech Lead,エムスリー株式会社,"Minato City, Japan",https://stackoverflow.com/jobs/340162
(PHP)レシートリワードサービス事業の新規立ち上げ案件,レバテック株式会社,"Setagaya City, Japan",https://stackoverflow.com/jobs/384250
Webエンジニア,株式会社パーソンリンク,"Shibuya City, Japan",https://stackoverflow.com/jobs/384236
Hiring Engineers for developing electronic medical recording system for vet,Pyxos Inc(ピクオス株式会社),"Minato City, Japan",https://stackoverflow.com/jobs/376081
フルスタック・エンジニア (Full-Stack Software Engineer),Okcoin Japan,"Minato City, Japan",https://stackoverflow.com/jobs/384151
【キャリア】ヤバいフロントエンドエンジニア,株式会社ISAO,"Taito City, Japan",https://stackoverflow.com/jobs/384150
Full Stack Nuxt JS Developer,Nacelle,No office location,https://stackoverflow.com/jobs/384138
Senior Frontend Developer,Devmen,"Alphen aan den Rijn, Netherlands",https://stackoverflow.com/jobs/274658
Full Stack Node JS Developer,Nacelle,No office location,https://stackoverflow.com/jobs/384136
Full-Stack Developer - Core Engineering Team (f/m/d),Receeve GmbH,"Hamburg, Germany",https://stackoverflow.com/jobs/351277
Backend Engineer – Core Engineering Team (f/m/d/),Receeve GmbH,"Hamburg, Germany",https://stackoverflow.com/jobs/351274
Senior Ruby on Rails Developers (m/f/d),DataGuard,"München, Germany",https://stackoverflow.com/jobs/331663
ITエンジニア(宮崎),株式会社オロ,"Miyazaki, Japan",https://stackoverflow.com/jobs/364409
出前館システム開発エンジニア[リーダー],株式会社出前館,"Tokyo, Japan",https://stackoverflow.com/jobs/339589
Webコーダー 制作会社で大手クライアント受託 HTML JavaScript,株式会社フェローズ,"Morioka, Japan",https://stackoverflow.com/jobs/383689
Webエンジニア,株式会社ダトラ,"大阪市, Japan",https://stackoverflow.com/jobs/383632
Lawinensprengen am Smartphone (DevOps Engineer),Wyssen Seilbahnen AG,"Reichenbach im Kandertal, Schweiz",https://stackoverflow.com/jobs/344197
Lead Frontend Engineer,Agrando,"München, Germany",https://stackoverflow.com/jobs/383568
Full stack developer,Online Partner AB,"Hägersten, Sweden",https://stackoverflow.com/jobs/339146
Lead Frontend Engineer,Web Summit,"Dublin, Ireland",https://stackoverflow.com/jobs/289346
Full Stack -  more than 3-year Experience,Mazars,"Courbevoie, France",https://stackoverflow.com/jobs/282831
プロダクト開発/スクラムマスター,株式会社Phone Appli,"Minato City, Japan",https://stackoverflow.com/jobs/363865
プログラマー,株式会社エスツー,"Akita, Japan",https://stackoverflow.com/jobs/350676
データエンジニア,type転職エージェント,"Shinjuku City, Japan",https://stackoverflow.com/jobs/350663
[ 紹介案件 ] SPAエンジニア【大手人材紹介企業】,Fidel Consulting,"Shibuya City, Japan",https://stackoverflow.com/jobs/338826
Web　UIデザイナー,株式会社メディアドゥ,"Chiyoda City, Japan",https://stackoverflow.com/jobs/334245
Webアプリエンジニア,アイレット株式会社,"Minato City, Japan",https://stackoverflow.com/jobs/319824
社内向けWebシステム開発エンジニア,アイレット株式会社,"Osaka, Japan",https://stackoverflow.com/jobs/319810
アプリケーションエンジニア,アイレット株式会社,"Osaka, Japan",https://stackoverflow.com/jobs/319803
フロントエンドエンジニア【最先端の技術環境です】,株式会社ジオロジック,"Shibuya City, Japan",https://stackoverflow.com/jobs/338589
Webアプリエンジニア,株式会社ミナケア,"Oita, Japan",https://stackoverflow.com/jobs/309610
フロントエンジニア【沖縄オフィス立ち上げ決定!立ち上げメンバー募集】,CBcloud株式会社,"Naha, Japan",https://stackoverflow.com/jobs/375520
Softwareentwickler C# (m/w/d),Hahn Softwareentwicklung,"Maxhütte-Haidhof, Deutschland",https://stackoverflow.com/jobs/338764
Senior Product Software Engineer,Wolters Kluwer,"Tampa, FL",https://stackoverflow.com/jobs/363673
アパレル・雑貨業界/海外進出を加速している企業にてシステム開発,ランスタッド株式会社,"Koto City, Japan",https://stackoverflow.com/jobs/319442
《大阪自社勤務》開発エンジニア　/動画共有サービスの開発,インフォームシステム株式会社,"Osaka, Japan",https://stackoverflow.com/jobs/319436
バックエンドエンジニア(東京),株式会社オロ,"Meguro City, Japan",https://stackoverflow.com/jobs/318703
プロジェクトマネージャー,データスタジアム株式会社,"Minato City, Japan",https://stackoverflow.com/jobs/318666
エンジニア(ジェネラル),日本タタ・コンサルタンシー・サービシズ株式会社,"Minato City, Japan",https://stackoverflow.com/jobs/318661
マークアップエンジニア (WEBコーダー),株式会社アイデアランプ,"Shibuya City, Japan",https://stackoverflow.com/jobs/318657
シニアモバイルエンジニア,GMOペパボ株式会社,"Shibuya City, Japan",https://stackoverflow.com/jobs/318656
アプリ開発・運用・改善,株式会社エーティーエス,"Setagaya City, Japan",https://stackoverflow.com/jobs/318644
Webエンジニア(メディア事業),株式会社アイスタイル,"Minato City, Japan",https://stackoverflow.com/jobs/318533
アプリエンジニア,ピーシーフェーズ株式会社,"Shibuya City, Japan",https://stackoverflow.com/jobs/318502
バックエンドエンジニア,ユニオンテック株式会社,"Shinjuku City, Japan",https://stackoverflow.com/jobs/318498
サーバーサイドエンジニア/オンライン説明会,株式会社メンバーズ メンバーズキャリアカンパニー,"Shinagawa City, Japan",https://stackoverflow.com/jobs/318473
テック×マーケ領域/リードエンジニア//年収600万円可/賞与4回/六本木駅近,株式会社EVERRISE,"Minato City, Japan",https://stackoverflow.com/jobs/318470
【NEW】Webエンジニア,株式会社エイシス,"Chiyoda City, Japan",https://stackoverflow.com/jobs/318469
自社サービス/フルスタックエンジニア(リーダー候補),レバレジーズ株式会社,"Shibuya City, Japan",https://stackoverflow.com/jobs/318464
データエンジニア,株式会社メンバーズ メンバーズキャリアカンパニー,"Shinagawa City, Japan",https://stackoverflow.com/jobs/318387
テック×マーケ領域/サーバーエンジニア/年収600万円可/賞与4回/六本木駅近,株式会社EVERRISE,"Minato City, Japan",https://stackoverflow.com/jobs/318266
Webアプリケーションエンジニア,エムスリーキャリア株式会社,"Minato City, Japan",https://stackoverflow.com/jobs/318082
Webエンジニア,シアトルコンサルティング株式会社,"Minato City, Japan",https://stackoverflow.com/jobs/317908
ソフトウェアエンジニア,株式会社ビズリーチ,"Shibuya City, Japan",https://stackoverflow.com/jobs/317804
社内SE,株式会社エヌアセット,"Kawasaki, Japan",https://stackoverflow.com/jobs/317775
Webエンジニア ⾃社サービスからの集客・反響率UPにコミットしたいエンジニア募集!,アップウィッシュ株式会社,"Nagoya, Japan",https://stackoverflow.com/jobs/317722
サーバーサイド・Webアプリケーションエンジニア,ピーシーフェーズ株式会社,"Shibuya City, Japan",https://stackoverflow.com/jobs/317638
バスケットボール向けシステム担当のエンジニア,データスタジアム株式会社,"Minato City, Japan",https://stackoverflow.com/jobs/317534
開発エンジニア(スポーツチーム向けサービス),データスタジアム株式会社,"Minato City, Japan",https://stackoverflow.com/jobs/317533
UXデザインチーム フロントエンド エンジニア/アーキテクト (Front-end Engineer / UX Design Architect),株式会社ユニクロ,"Koto City, Japan",https://stackoverflow.com/jobs/317503
フロントエンドエンジニア,シアトルコンサルティング株式会社,"Minato City, Japan",https://stackoverflow.com/jobs/317398
フロントエンドエンジニア,合同会社DMM.com,"Minato City, Japan",https://stackoverflow.com/jobs/317391
アドテクプラットフォーム自社開発/エンジニア/年収800万円可/賞与4回/六本木駅近,株式会社EVERRISE,"Minato City, Japan",https://stackoverflow.com/jobs/317281
プログラマー,株式会社 ワイズネット,"Chiyoda City, Japan",https://stackoverflow.com/jobs/316904
2年目~5年目/開発エンジニア/多額PG裁量 /年収600万円可/賞与4回/六本木駅近,株式会社EVERRISE,"Minato City, Japan",https://stackoverflow.com/jobs/316869
[ 紹介案件 ] ソフトウェアエンジニア(フロントエンド)/採用管理システム【大手人材紹介企業】,Fidel Consulting,"Shibuya City, Japan",https://stackoverflow.com/jobs/316840
フロントエンドエンジニア,LINE Fukuoka 株式会社,"Fukuoka, Japan",https://stackoverflow.com/jobs/316801
Senior Frontend Developer (w/m/d),brandung GmbH & Co. KG,"Berlin, Deutschland",https://stackoverflow.com/jobs/363498
フロントエンドエンジニア(AngularJS 、React、Vue.js),MF KESSAI株式会社,"Chiyoda City, Japan",https://stackoverflow.com/jobs/338587
開発リーダー,株式会社キュービック,"Shinjuku City, Japan",https://stackoverflow.com/jobs/363321
SE/PG 最新技術を習得 自社クラウドサービス開発 Java/3500円,パーソル パナソニック HRパートナーズ株式会社　テクニカル事業本部,"Osaka, Japan",https://stackoverflow.com/jobs/363290
リード・フロントエンドエンジニア,株式会社ゆめみ,"Osaka, Japan",https://stackoverflow.com/jobs/363285
